Id,MSSubClass,MSZoning,LotFrontage,LotArea,Street,Alley,LotShape,LandContour,Utilities,LotConfig,LandSlope,Neighborhood,Condition1,Condition2,BldgType,HouseStyle,OverallQual,OverallCond,YearBuilt,YearRemodAdd,RoofStyle,RoofMatl,Exterior1st,Exterior2nd,MasVnrType,MasVnrArea,ExterQual,ExterCond,Foundation,BsmtQual,BsmtCond,BsmtExposure,BsmtFinType1,BsmtFinSF1,BsmtFinType2,BsmtFinSF2,BsmtUnfSF,TotalBsmtSF,Heating,HeatingQC,CentralAir,Electrical,1stFlrSF,2ndFlrSF,LowQualFinSF,GrLivArea,BsmtFullBath,BsmtHalfBath,FullBath,HalfBath,BedroomAbvGr,KitchenAbvGr,KitchenQual,TotRmsAbvGrd,Functional,Fireplaces,FireplaceQu,GarageType,GarageYrBlt,GarageFinish,GarageCars,GarageArea,GarageQual,GarageCond,PavedDrive,WoodDeckSF,OpenPorchSF,EnclosedPorch,3SsnPorch,ScreenPorch,PoolArea,PoolQC,Fence,MiscFeature,MiscVal,MoSold,YrSold,SaleType,SaleCondition,SalePrice
337,20,RL,86.0,14157,Pave,,IR1,HLS,AllPub,Corner,Gtl,StoneBr,Norm,Norm,1Fam,1Story,9,5,2005,2006,Hip,CompShg,VinylSd,VinylSd,Stone,200.0,Gd,TA,PConc,Ex,TA,Gd,GLQ,1249,Unf,0,673,1922,GasA,Ex,Y,SBrkr,1922,0,0,1922,1,0,2,0,3,1,Gd,8,Typ,1,Gd,Attchd,2005.0,Fin,3,676,TA,TA,Y,178,51,0,0,0,0,,,,0,7,2007,WD,Normal,322461.93278771517
1018,120,RL,,5814,Pave,,IR1,Lvl,AllPub,CulDSac,Gtl,StoneBr,Norm,Norm,TwnhsE,1Story,8,5,1984,1984,Gable,CompShg,HdBoard,HdBoard,None,0.0,Gd,TA,CBlock,Gd,TA,Av,GLQ,1036,Unf,0,184,1220,GasA,Gd,Y,SBrkr,1360,0,0,1360,1,0,1,0,1,1,Gd,4,Typ,1,Ex,Attchd,1984.0,RFn,2,565,TA,TA,Y,63,0,0,0,0,0,,,,0,8,2009,COD,Abnorml,219396.4065533373
929,20,RL,,11838,Pave,,Reg,Lvl,AllPub,Inside,Gtl,CollgCr,Norm,Norm,1Fam,1Story,8,5,2001,2001,Hip,CompShg,VinylSd,VinylSd,None,0.0,Gd,TA,PConc,Gd,TA,Av,Unf,0,Unf,0,1753,1753,GasA,Ex,Y,SBrkr,1788,0,0,1788,0,0,2,0,3,1,Ex,7,Typ,1,TA,Attchd,2001.0,RFn,2,522,TA,TA,Y,202,151,0,0,0,0,,,,0,6,2009,WD,Normal,250401.3938060339
1148,70,RL,75.0,12000,Pave,,Reg,Bnk,AllPub,Inside,Gtl,Crawfor,Norm,Norm,1Fam,2Story,7,7,1941,1950,Gable,CompShg,MetalSd,MetalSd,None,0.0,TA,TA,CBlock,TA,TA,No,Rec,275,Unf,0,429,704,GasA,Ex,Y,SBrkr,860,704,0,1564,0,0,1,1,3,1,Fa,7,Typ,1,Gd,Attchd,1941.0,Unf,1,234,TA,TA,Y,0,0,0,0,0,0,,,,0,7,2009,WD,Normal,170580.78042701544
1227,60,RL,86.0,14598,Pave,,IR1,Lvl,AllPub,CulDSac,Gtl,Somerst,Feedr,Norm,1Fam,2Story,6,5,2007,2007,Gable,CompShg,VinylSd,VinylSd,Stone,74.0,Gd,TA,PConc,Gd,TA,Mn,Unf,0,Unf,0,894,894,GasA,Ex,Y,SBrkr,894,1039,0,1933,0,0,2,1,4,1,Gd,9,Typ,1,Gd,BuiltIn,2007.0,Fin,3,668,TA,TA,Y,100,18,0,0,0,0,,,,0,1,2008,WD,Normal,189084.81883577895
650,180,RM,21.0,1936,Pave,,Reg,Lvl,AllPub,Inside,Gtl,MeadowV,Norm,Norm,Twnhs,SFoyer,4,6,1970,1970,Gable,CompShg,CemntBd,CmentBd,None,0.0,TA,TA,CBlock,Gd,TA,Av,BLQ,131,GLQ,499,0,630,GasA,Gd,Y,SBrkr,630,0,0,630,1,0,1,0,1,1,TA,3,Typ,0,,,,,0,0,,,Y,0,0,0,0,0,0,,MnPrv,,0,12,2007,WD,Normal,84062.90300081958
1453,180,RM,35.0,3675,Pave,,Reg,Lvl,AllPub,Inside,Gtl,Edwards,Norm,Norm,TwnhsE,SLvl,5,5,2005,2005,Gable,CompShg,VinylSd,VinylSd,BrkFace,80.0,TA,TA,PConc,Gd,TA,Gd,GLQ,547,Unf,0,0,547,GasA,Gd,Y,SBrkr,1072,0,0,1072,1,0,1,0,2,1,TA,5,Typ,0,,Basment,2005.0,Fin,2,525,TA,TA,Y,0,28,0,0,0,0,,,,0,5,2006,WD,Normal,140519.50342608578
152,20,RL,107.0,13891,Pave,,Reg,Lvl,AllPub,Inside,Gtl,NridgHt,Norm,Norm,1Fam,1Story,8,5,2007,2008,Hip,CompShg,VinylSd,VinylSd,Stone,436.0,Gd,TA,PConc,Ex,TA,Gd,GLQ,1400,Unf,0,310,1710,GasA,Ex,Y,SBrkr,1710,0,0,1710,1,0,2,0,2,1,Gd,6,Typ,1,Gd,Attchd,2007.0,RFn,3,866,TA,TA,Y,0,102,0,0,0,0,,,,0,1,2008,New,Partial,285031.5882077404
427,80,RL,,12800,Pave,,Reg,Low,AllPub,Inside,Mod,SawyerW,Norm,Norm,1Fam,SLvl,7,5,1989,1989,Gable,CompShg,Wd Sdng,Wd Sdng,BrkFace,145.0,Gd,TA,PConc,Gd,TA,Gd,GLQ,1518,Unf,0,0,1518,GasA,Gd,Y,SBrkr,1644,0,0,1644,1,1,2,0,2,1,Gd,5,Typ,1,TA,Attchd,1989.0,Fin,2,569,TA,TA,Y,80,0,0,0,396,0,,,,0,8,2009,WD,Normal,249389.68004208576
776,120,RM,32.0,4500,Pave,,Reg,Lvl,AllPub,FR2,Gtl,Mitchel,Norm,Norm,TwnhsE,1Story,6,5,1998,1998,Hip,CompShg,VinylSd,VinylSd,BrkFace,320.0,TA,TA,PConc,Ex,TA,No,GLQ,866,Unf,0,338,1204,GasA,Ex,Y,SBrkr,1204,0,0,1204,1,0,2,0,2,1,TA,5,Typ,0,,Attchd,1998.0,Fin,2,412,TA,TA,Y,0,247,0,0,0,0,,,,0,6,2009,WD,Normal,170894.84592783556
30,30,RM,60.0,6324,Pave,,IR1,Lvl,AllPub,Inside,Gtl,BrkSide,Feedr,RRNn,1Fam,1Story,4,6,1927,1950,Gable,CompShg,MetalSd,MetalSd,None,0.0,TA,TA,BrkTil,TA,TA,No,Unf,0,Unf,0,520,520,GasA,Fa,N,SBrkr,520,0,0,520,0,0,1,0,1,1,Fa,4,Typ,0,,Detchd,1920.0,Unf,1,240,Fa,TA,Y,49,0,87,0,0,0,,,,0,5,2008,WD,Normal,83870.13118609537
1425,20,RL,,9503,Pave,,Reg,Lvl,AllPub,Inside,Gtl,NAmes,Norm,Norm,1Fam,1Story,5,5,1958,1983,Hip,CompShg,HdBoard,HdBoard,None,0.0,TA,TA,CBlock,TA,TA,No,ALQ,457,Rec,374,193,1024,GasA,TA,Y,SBrkr,1344,0,0,1344,1,0,1,0,2,1,TA,6,Min1,1,TA,Detchd,1970.0,Unf,1,484,TA,TA,Y,316,28,0,0,0,0,,GdWo,,0,6,2007,WD,Normal,150775.02666834183
423,20,RL,100.0,21750,Pave,,Reg,HLS,AllPub,Inside,Mod,Mitchel,Artery,Norm,1Fam,1Story,5,5,1954,1954,Hip,CompShg,HdBoard,HdBoard,None,0.0,TA,TA,CBlock,TA,TA,No,Unf,0,Unf,0,988,988,GasA,Ex,Y,FuseA,988,0,0,988,0,0,1,0,2,1,TA,4,Typ,0,,Attchd,1954.0,RFn,2,520,TA,TA,N,0,0,0,0,0,0,,,,0,2,2008,WD,Normal,127625.24754214687
1185,20,RL,50.0,35133,Grvl,,Reg,Lvl,AllPub,Inside,Mod,Timber,Norm,Norm,1Fam,1Story,5,4,1963,1963,Hip,CompShg,MetalSd,MetalSd,BrkFace,226.0,TA,TA,CBlock,TA,TA,Gd,Rec,1159,Unf,0,413,1572,GasA,Gd,Y,SBrkr,1572,0,0,1572,1,0,1,1,3,1,TA,5,Typ,2,TA,2Types,1963.0,RFn,3,995,TA,TA,Y,0,263,0,0,263,0,,,,0,5,2007,WD,Normal,183291.6672334147
775,20,RL,110.0,14226,Pave,,Reg,Lvl,AllPub,Corner,Gtl,NridgHt,Norm,Norm,1Fam,1Story,8,5,2006,2006,Hip,CompShg,VinylSd,VinylSd,BrkFace,375.0,Gd,TA,PConc,Gd,TA,Av,Unf,0,Unf,0,1935,1935,GasA,Gd,Y,SBrkr,1973,0,0,1973,0,0,2,0,3,1,Gd,9,Typ,1,Gd,Attchd,2006.0,Fin,3,895,TA,TA,Y,315,45,0,0,0,0,,,,0,7,2007,New,Partial,274400.7328588748
391,50,RL,50.0,8405,Pave,Grvl,Reg,Lvl,AllPub,Inside,Gtl,Edwards,Norm,Norm,1Fam,1.5Fin,5,8,1900,1950,Gable,CompShg,MetalSd,MetalSd,None,0.0,TA,TA,BrkTil,TA,Gd,No,Rec,241,BLQ,391,229,861,GasA,Ex,Y,SBrkr,961,406,0,1367,1,0,1,0,4,1,TA,7,Typ,0,,Detchd,1978.0,Unf,1,384,TA,TA,Y,0,130,112,0,0,0,,MnPrv,,0,4,2008,WD,Normal,133556.15079816745
1408,20,RL,,8780,Pave,,IR1,Lvl,AllPub,Corner,Gtl,Mitchel,Norm,Norm,1Fam,1Story,5,5,1985,1985,Gable,CompShg,HdBoard,Plywood,None,0.0,TA,TA,CBlock,TA,TA,No,ALQ,625,Unf,0,208,833,GasA,Ex,Y,SBrkr,833,0,0,833,1,0,1,0,3,1,TA,5,Typ,0,,,,,0,0,,,Y,0,0,0,0,0,0,,MnPrv,,0,3,2009,WD,Normal,114038.06567632782
513,20,RL,70.0,9100,Pave,,Reg,Lvl,AllPub,Corner,Gtl,NAmes,Feedr,Norm,1Fam,1Story,5,5,1958,1958,Gable,CompShg,VinylSd,VinylSd,None,0.0,TA,TA,CBlock,TA,TA,No,BLQ,521,LwQ,174,169,864,GasA,TA,Y,SBrkr,864,0,0,864,1,0,1,0,3,1,TA,5,Typ,0,,Detchd,1964.0,Unf,2,624,TA,TA,Y,0,0,0,0,0,0,,,,0,7,2006,WD,Normal,124983.36823010145
1266,160,FV,35.0,3735,Pave,,Reg,Lvl,AllPub,FR3,Gtl,Somerst,Norm,Norm,TwnhsE,2Story,7,5,1999,1999,Hip,CompShg,MetalSd,MetalSd,BrkFace,218.0,Gd,TA,PConc,Gd,TA,No,GLQ,450,Unf,0,241,691,GasA,Ex,Y,SBrkr,713,739,0,1452,1,0,2,1,3,1,Gd,6,Typ,0,,Detchd,1999.0,Unf,2,506,TA,TA,Y,0,34,0,0,0,0,,,,0,3,2006,WD,Normal,167785.37800236375
173,160,RL,44.0,5306,Pave,,IR1,Lvl,AllPub,Inside,Gtl,StoneBr,Norm,Norm,TwnhsE,2Story,7,7,1987,1987,Gable,CompShg,HdBoard,HdBoard,None,0.0,Gd,Gd,PConc,Gd,Gd,No,GLQ,495,Rec,215,354,1064,GasA,Gd,Y,SBrkr,1064,703,0,1767,1,0,2,0,2,1,Gd,5,Typ,1,TA,Attchd,1987.0,RFn,2,504,Gd,TA,Y,441,35,0,0,0,0,,,,0,6,2006,WD,Normal,202755.94040599867
1150,70,RM,50.0,9000,Pave,,Reg,Lvl,AllPub,Inside,Gtl,OldTown,Artery,Norm,1Fam,2Story,7,9,1920,1988,Hip,CompShg,VinylSd,VinylSd,None,0.0,TA,Gd,PConc,TA,TA,No,ALQ,624,Unf,0,26,650,GasA,Ex,Y,SBrkr,832,650,0,1482,0,1,1,0,3,1,TA,7,Typ,0,,Detchd,1930.0,Unf,2,324,TA,TA,Y,0,0,0,0,0,0,,,,0,7,2009,WD,Normal,170766.96087583015
797,20,RL,71.0,8197,Pave,,Reg,Lvl,AllPub,Inside,Gtl,Sawyer,Norm,Norm,1Fam,1Story,6,5,1977,1977,Gable,CompShg,Plywood,Plywood,BrkFace,148.0,TA,TA,CBlock,TA,TA,No,Unf,0,Unf,0,660,660,GasA,Ex,Y,SBrkr,1285,0,0,1285,0,0,1,1,3,1,TA,7,Typ,1,TA,Attchd,1977.0,RFn,2,528,TA,TA,Y,138,0,0,0,0,0,,MnPrv,,0,4,2007,WD,Normal,151191.66285759734
137,20,RL,,10355,Pave,,IR1,Lvl,AllPub,Corner,Gtl,NAmes,Norm,Norm,1Fam,1Story,5,5,1967,1967,Gable,CompShg,MetalSd,MetalSd,BrkFace,196.0,TA,TA,CBlock,TA,TA,No,BLQ,695,Unf,0,519,1214,GasA,TA,Y,SBrkr,1214,0,0,1214,0,0,2,0,3,1,TA,5,Typ,1,Fa,Attchd,1967.0,RFn,1,318,TA,TA,Y,0,111,0,0,0,0,,,,0,7,2007,WD,Normal,153313.74958742765
706,190,RM,70.0,5600,Pave,,Reg,Lvl,AllPub,Inside,Gtl,IDOTRR,Norm,Norm,2fmCon,2Story,4,5,1930,1950,Hip,CompShg,VinylSd,Wd Shng,None,0.0,Fa,Fa,Slab,,,,,0,,0,0,0,GasA,Fa,N,SBrkr,372,720,0,1092,0,0,2,0,3,2,Fa,7,Mod,0,,,,,0,0,,,N,0,0,0,0,0,0,,,Othr,3500,7,2010,WD,Normal,78381.59480638125
1377,30,RL,52.0,6292,Pave,,Reg,Bnk,AllPub,Inside,Gtl,SWISU,Norm,Norm,1Fam,1Story,6,5,1930,1950,Gable,CompShg,Wd Sdng,Wd Sdng,None,0.0,TA,TA,BrkTil,Gd,TA,Mn,Rec,384,Unf,0,384,768,GasA,TA,N,SBrkr,790,0,0,790,0,0,1,0,2,1,TA,4,Typ,0,,Detchd,1925.0,Unf,1,160,Fa,TA,Y,0,141,0,0,0,0,,,,0,4,2008,WD,Normal,102396.51373768925
1177,20,RL,37.0,6951,Pave,,IR1,Lvl,AllPub,CulDSac,Gtl,Mitchel,Norm,Norm,1Fam,1Story,5,5,1984,1985,Gable,CompShg,HdBoard,Plywood,None,0.0,TA,TA,CBlock,TA,TA,No,ALQ,658,Unf,0,218,876,GasA,TA,Y,SBrkr,923,0,0,923,1,0,1,0,3,1,TA,5,Typ,0,,Attchd,1984.0,Unf,1,264,TA,TA,Y,362,0,0,0,0,0,,MnPrv,,0,10,2008,WD,Normal,127148.52438841332
1456,60,RL,62.0,7917,Pave,,Reg,Lvl,AllPub,Inside,Gtl,Gilbert,Norm,Norm,1Fam,2Story,6,5,1999,2000,Gable,CompShg,VinylSd,VinylSd,None,0.0,TA,TA,PConc,Gd,TA,No,Unf,0,Unf,0,953,953,GasA,Ex,Y,SBrkr,953,694,0,1647,0,0,2,1,3,1,TA,7,Typ,1,TA,Attchd,1999.0,RFn,2,460,TA,TA,Y,0,40,0,0,0,0,,,,0,8,2007,WD,Normal,177698.53106809553
369,20,RL,78.0,7800,Pave,,Reg,Lvl,AllPub,Inside,Gtl,NAmes,Norm,Norm,1Fam,1Story,5,6,1954,1954,Gable,CompShg,HdBoard,HdBoard,BrkFace,200.0,TA,TA,PConc,TA,TA,No,LwQ,540,Unf,0,728,1268,GasA,Gd,Y,SBrkr,1268,0,0,1268,0,0,1,0,2,1,TA,7,Typ,1,Gd,Attchd,1954.0,Fin,1,244,TA,TA,Y,0,98,0,0,0,0,,,,0,3,2010,WD,Normal,146552.8329867394
1421,60,RL,90.0,11700,Pave,,Reg,Lvl,AllPub,Corner,Gtl,NWAmes,Norm,Norm,1Fam,2Story,6,6,1968,1968,Gable,CompShg,HdBoard,HdBoard,BrkFace,420.0,TA,TA,CBlock,TA,TA,No,ALQ,404,Unf,0,304,708,GasA,Gd,Y,SBrkr,708,708,0,1416,0,0,2,1,3,1,TA,7,Typ,1,TA,Attchd,1968.0,RFn,2,776,TA,TA,Y,0,169,0,0,119,0,,,,0,5,2006,WD,Normal,165116.15603689
999,30,RM,60.0,9786,Pave,,Reg,Lvl,AllPub,Inside,Gtl,IDOTRR,Norm,Norm,1Fam,1Story,3,4,1922,1950,Hip,CompShg,Wd Sdng,Wd Sdng,None,0.0,TA,TA,BrkTil,TA,Fa,No,Unf,0,Unf,0,1007,1007,GasA,Fa,N,SBrkr,1077,0,0,1077,0,0,1,0,3,1,TA,6,Typ,1,Gd,Detchd,1922.0,Unf,1,210,TA,Fa,P,0,100,48,0,0,0,,,,0,5,2006,WD,Normal,102818.37652648393
1217,90,RM,68.0,8930,Pave,,Reg,Lvl,AllPub,Inside,Gtl,Sawyer,RRAe,Norm,Duplex,1.5Fin,6,5,1978,1978,Gable,CompShg,VinylSd,VinylSd,None,0.0,TA,TA,Slab,,,,,0,,0,0,0,GasA,TA,Y,SBrkr,1318,584,0,1902,0,0,2,0,4,2,TA,8,Typ,0,,Attchd,1978.0,Unf,2,539,TA,TA,Y,0,0,0,0,0,0,,,,0,4,2010,WD,Normal,144680.39154186018
937,20,RL,67.0,10083,Pave,,Reg,Lvl,AllPub,Inside,Gtl,SawyerW,Norm,Norm,1Fam,1Story,7,5,2003,2003,Gable,CompShg,VinylSd,VinylSd,,,Gd,TA,PConc,Gd,TA,No,GLQ,833,Unf,0,343,1176,GasA,Ex,Y,SBrkr,1200,0,0,1200,1,0,2,0,2,1,Gd,5,Typ,0,,Attchd,2003.0,RFn,2,555,TA,TA,Y,0,41,0,0,0,0,,,,0,8,2009,WD,Normal,191370.78188417887
769,20,RL,70.0,9100,Pave,,Reg,Lvl,AllPub,Inside,Gtl,CollgCr,Norm,Norm,1Fam,1Story,7,5,2004,2005,Hip,CompShg,VinylSd,VinylSd,None,0.0,Gd,TA,PConc,Gd,TA,No,GLQ,24,Unf,0,1836,1860,GasA,Ex,Y,SBrkr,1836,0,0,1836,0,0,2,0,3,1,Gd,8,Typ,1,Gd,Attchd,2004.0,Fin,2,484,TA,TA,Y,120,33,0,0,0,0,,,,0,10,2006,WD,Normal,238190.55155591844
831,20,RL,80.0,11900,Pave,,IR1,Lvl,AllPub,Corner,Gtl,NAmes,Norm,Norm,1Fam,1Story,6,5,1957,1957,Gable,CompShg,HdBoard,HdBoard,BrkFace,387.0,TA,TA,CBlock,TA,TA,No,Rec,1040,Unf,0,352,1392,GasA,TA,Y,FuseA,1392,0,0,1392,1,0,1,1,3,1,TA,6,Typ,2,Gd,Attchd,1957.0,RFn,2,458,TA,TA,Y,0,0,0,0,192,0,,,,0,6,2008,WD,Normal,160949.74297201564
678,30,RL,52.0,9022,Pave,,Reg,Lvl,AllPub,Inside,Gtl,OldTown,Norm,Norm,1Fam,1Story,5,8,1924,2006,Gable,CompShg,VinylSd,VinylSd,None,0.0,Gd,TA,BrkTil,TA,TA,No,Unf,0,Unf,0,768,768,GasA,Ex,Y,SBrkr,792,0,0,792,0,0,1,0,2,1,Gd,5,Typ,0,,Detchd,1924.0,Unf,1,240,Fa,Fa,N,316,0,120,0,0,0,,,,0,5,2009,WD,Normal,107047.2353927672
574,80,RL,76.0,9967,Pave,,IR1,Lvl,AllPub,Inside,Gtl,Gilbert,Norm,Norm,1Fam,SLvl,7,5,2000,2000,Gable,CompShg,VinylSd,VinylSd,None,0.0,TA,TA,PConc,Gd,TA,No,Unf,0,Unf,0,384,384,GasA,Ex,Y,SBrkr,774,656,0,1430,0,0,2,1,3,1,TA,8,Typ,1,TA,BuiltIn,2000.0,RFn,2,400,TA,TA,Y,100,0,0,0,0,0,,,,0,12,2007,WD,Normal,171152.3719466264
921,60,RL,70.0,8462,Pave,,IR1,Lvl,AllPub,Inside,Gtl,SawyerW,Norm,Norm,1Fam,2Story,6,5,1994,1994,Gable,CompShg,HdBoard,HdBoard,BrkFace,105.0,Gd,Gd,PConc,Gd,Gd,No,GLQ,814,Unf,0,114,928,GasA,Ex,Y,SBrkr,936,785,0,1721,0,1,2,1,3,1,Gd,7,Typ,0,,Attchd,1994.0,RFn,2,471,TA,TA,Y,300,87,0,0,0,0,,,,0,7,2007,WD,Normal,189720.52437893173
1292,160,RM,21.0,1680,Pave,,Reg,Lvl,AllPub,Inside,Gtl,BrDale,Norm,Norm,Twnhs,2Story,5,7,1972,1972,Gable,CompShg,CemntBd,CmentBd,BrkFace,268.0,TA,TA,CBlock,TA,TA,No,ALQ,231,Unf,0,399,630,GasA,TA,Y,SBrkr,630,672,0,1302,0,0,2,1,3,1,TA,6,Typ,0,,Detchd,1972.0,Unf,1,264,TA,TA,Y,185,0,0,0,0,0,,,,0,2,2009,WD,Normal,122695.72008576574
1277,60,RL,,12936,Pave,,IR1,Lvl,AllPub,CulDSac,Gtl,NWAmes,Norm,Norm,1Fam,2Story,6,6,1972,1972,Gable,CompShg,HdBoard,Plywood,None,0.0,TA,TA,CBlock,TA,Gd,No,BLQ,593,Unf,0,130,723,GasA,TA,Y,SBrkr,735,660,0,1395,0,1,1,1,3,1,TA,6,Typ,1,TA,Attchd,1972.0,Unf,2,497,TA,TA,Y,294,116,0,0,0,0,,,,0,12,2009,WD,Normal,167560.1484662313
676,160,RL,24.0,2289,Pave,,Reg,Lvl,AllPub,Inside,Gtl,NPkVill,Norm,Norm,Twnhs,2Story,6,6,1978,1978,Gable,CompShg,Plywood,Brk Cmn,None,0.0,TA,TA,CBlock,TA,TA,No,ALQ,311,Unf,0,544,855,GasA,TA,Y,SBrkr,855,586,0,1441,0,0,2,1,3,1,TA,7,Typ,1,TA,Attchd,1978.0,Unf,2,440,TA,TA,Y,28,0,0,0,0,0,,,,0,4,2009,WD,Normal,152662.3754770735
108,20,RM,50.0,6000,Pave,,Reg,Lvl,AllPub,Inside,Gtl,OldTown,Norm,Norm,1Fam,1Story,5,5,1948,1950,Gable,CompShg,VinylSd,VinylSd,None,0.0,TA,TA,CBlock,TA,TA,No,ALQ,104,BLQ,169,516,789,GasA,Ex,Y,SBrkr,789,0,0,789,0,0,1,0,2,1,TA,5,Typ,0,,Detchd,1948.0,Unf,1,250,TA,TA,Y,0,0,0,0,0,0,,,,0,4,2008,WD,Partial,108335.45108095063
424,60,RL,80.0,9200,Pave,,Reg,Lvl,AllPub,Inside,Gtl,NoRidge,Norm,Norm,1Fam,2Story,8,5,1998,1998,Gable,CompShg,VinylSd,VinylSd,BrkFace,473.0,Gd,TA,PConc,Gd,TA,No,GLQ,986,Unf,0,484,1470,GasA,Gd,Y,SBrkr,1470,1160,0,2630,1,0,2,1,4,1,Gd,8,Typ,1,TA,Attchd,1998.0,Fin,3,696,TA,TA,Y,0,66,0,0,0,0,,,,0,6,2008,WD,Normal,304377.7219616206
823,60,RL,,12394,Pave,,IR1,Lvl,AllPub,Corner,Gtl,Gilbert,Norm,Norm,1Fam,2Story,7,5,2003,2003,Gable,CompShg,VinylSd,VinylSd,None,0.0,Gd,TA,PConc,Gd,TA,Gd,Unf,0,Unf,0,847,847,GasA,Ex,Y,SBrkr,847,886,0,1733,0,0,2,1,3,1,Gd,7,Typ,1,Gd,BuiltIn,2003.0,Fin,2,433,TA,TA,Y,100,48,0,0,0,0,,,,0,10,2007,WD,Family,204141.22946761583
1455,20,FV,62.0,7500,Pave,Pave,Reg,Lvl,AllPub,Inside,Gtl,Somerst,Norm,Norm,1Fam,1Story,7,5,2004,2005,Gable,CompShg,VinylSd,VinylSd,None,0.0,Gd,TA,PConc,Gd,TA,No,GLQ,410,Unf,0,811,1221,GasA,Ex,Y,SBrkr,1221,0,0,1221,1,0,2,0,2,1,Gd,6,Typ,0,,Attchd,2004.0,RFn,2,400,TA,TA,Y,0,113,0,0,0,0,,,,0,10,2009,WD,Normal,192703.31577270298
377,85,RL,57.0,8846,Pave,,IR1,Lvl,AllPub,CulDSac,Gtl,CollgCr,Norm,Norm,1Fam,SFoyer,5,5,1996,1996,Gable,CompShg,VinylSd,VinylSd,None,0.0,Gd,TA,PConc,Gd,TA,Av,GLQ,298,Unf,0,572,870,GasA,Ex,Y,SBrkr,914,0,0,914,0,0,1,0,2,1,TA,5,Typ,0,,Detchd,1998.0,Unf,2,576,TA,TA,Y,0,0,0,0,0,0,,,,0,7,2006,WD,Normal,129862.19671866298
1256,50,RM,52.0,6240,Pave,,Reg,Lvl,AllPub,Inside,Gtl,BrkSide,Norm,Norm,1Fam,1.5Fin,6,6,1931,1950,Gable,CompShg,Wd Sdng,Wd Sdng,None,0.0,TA,TA,BrkTil,TA,Fa,No,LwQ,425,Unf,0,459,884,GasA,TA,Y,FuseA,959,408,0,1367,0,0,1,0,3,1,TA,6,Typ,1,Gd,Detchd,1978.0,Unf,1,560,TA,TA,Y,0,0,0,0,120,0,,,,0,11,2007,WD,Normal,135030.0993112913
1120,20,RL,70.0,7560,Pave,,Reg,Lvl,AllPub,Inside,Gtl,NAmes,Norm,Norm,1Fam,1Story,5,5,1959,1959,Gable,CompShg,BrkFace,Wd Sdng,None,0.0,TA,TA,CBlock,TA,TA,No,LwQ,369,Unf,0,671,1040,GasA,TA,Y,FuseA,1040,0,0,1040,0,0,1,0,3,1,TA,6,Typ,0,,Attchd,1959.0,RFn,1,286,TA,TA,Y,140,0,252,0,0,0,,GdWo,,0,7,2006,WD,Normal,127773.76480115122
265,30,RM,30.0,5232,Pave,Grvl,IR3,Bnk,AllPub,Inside,Gtl,OldTown,Artery,Norm,1Fam,1Story,5,5,1925,2004,Gable,CompShg,Wd Sdng,Wd Sdng,None,0.0,TA,TA,BrkTil,Fa,TA,No,Unf,0,Unf,0,680,680,GasA,Gd,N,FuseP,764,0,0,764,0,0,1,0,2,1,TA,4,Typ,0,,Detchd,1965.0,Unf,2,504,TA,TA,N,0,0,0,0,0,0,,,,0,6,2008,WD,Normal,101425.16422346624
1158,120,RL,34.0,5001,Pave,,IR1,Lvl,AllPub,Inside,Gtl,NridgHt,Norm,Norm,Twnhs,1Story,7,5,2007,2008,Gable,CompShg,VinylSd,VinylSd,Stone,166.0,Gd,TA,PConc,Gd,TA,No,GLQ,904,Unf,0,410,1314,GasA,Ex,Y,SBrkr,1314,0,0,1314,1,0,2,0,2,1,Gd,6,Typ,1,Gd,Attchd,2008.0,RFn,2,626,TA,TA,Y,172,62,0,0,0,0,,,,0,7,2009,WD,Normal,210762.12970359233
725,20,RL,86.0,13286,Pave,,IR1,Lvl,AllPub,Inside,Gtl,Edwards,Norm,Norm,1Fam,1Story,9,5,2007,2008,Hip,CompShg,CemntBd,CmentBd,Stone,340.0,Ex,TA,PConc,Ex,TA,No,GLQ,1234,Unf,0,464,1698,GasA,Ex,Y,SBrkr,1698,0,0,1698,1,0,2,0,3,1,Ex,8,Typ,1,Gd,Attchd,2007.0,Fin,3,768,TA,TA,Y,327,64,0,0,0,0,,,,0,2,2009,WD,Normal,297853.11067187757
1378,50,RL,60.0,10998,Pave,Grvl,Reg,Lvl,AllPub,Inside,Gtl,Edwards,Norm,Norm,1Fam,1.5Fin,5,5,1941,1960,Gable,CompShg,Wd Sdng,Wd Sdng,None,0.0,TA,TA,CBlock,TA,TA,No,LwQ,408,BLQ,420,156,984,GasA,Ex,Y,SBrkr,984,620,0,1604,0,0,2,0,3,1,TA,6,Min2,0,,Detchd,1977.0,Unf,2,660,TA,TA,Y,0,68,0,0,0,0,,,,0,7,2009,WD,Normal,153124.5663504506
1139,20,RL,,9819,Pave,,IR1,Lvl,AllPub,Inside,Mod,Mitchel,Norm,Norm,1Fam,1Story,6,5,1977,1977,Gable,CompShg,Plywood,ImStucc,None,0.0,TA,TA,PConc,TA,TA,Gd,ALQ,1567,Unf,0,0,1567,GasA,TA,Y,SBrkr,1567,0,0,1567,1,0,2,0,2,1,Gd,5,Typ,2,TA,Attchd,1977.0,RFn,2,714,TA,TA,Y,264,32,0,0,0,0,,,,0,5,2009,WD,Normal,179590.77793007367
122,50,RM,50.0,6060,Pave,,Reg,Lvl,AllPub,Inside,Gtl,IDOTRR,Norm,Norm,1Fam,1.5Fin,4,5,1939,1950,Gable,CompShg,AsbShng,AsbShng,None,0.0,TA,TA,PConc,TA,TA,No,Unf,0,Unf,0,732,732,GasA,Gd,Y,SBrkr,772,351,0,1123,0,0,1,0,3,1,TA,4,Typ,0,,Detchd,1979.0,Unf,1,264,TA,TA,P,0,0,140,0,0,0,,MnPrv,,0,6,2007,WD,Normal,109468.84476074838
515,45,RL,55.0,10594,Pave,,Reg,Lvl,AllPub,Inside,Gtl,Crawfor,Norm,Norm,1Fam,1.5Unf,5,5,1926,1950,Gable,CompShg,Wd Sdng,Wd Sdng,None,0.0,TA,TA,BrkTil,TA,TA,No,Unf,0,Unf,0,768,768,Grav,Fa,N,SBrkr,789,0,0,789,0,0,1,0,2,1,TA,5,Typ,0,,Detchd,1926.0,Unf,1,200,Po,Po,Y,0,0,112,0,0,0,,MnPrv,,0,6,2007,WD,Normal,100665.11488980797
518,60,RL,79.0,10208,Pave,,IR1,Lvl,AllPub,Inside,Gtl,NoRidge,Norm,Norm,1Fam,2Story,7,5,1996,1997,Gable,CompShg,VinylSd,VinylSd,BrkFace,921.0,Gd,TA,PConc,Gd,TA,No,Unf,0,Unf,0,1264,1264,GasA,Ex,Y,SBrkr,1277,1067,0,2344,0,0,2,1,3,1,Gd,7,Typ,1,TA,Attchd,1996.0,RFn,3,889,TA,TA,Y,220,0,0,0,0,0,,,,0,7,2009,WD,Normal,284143.2927022929
1214,80,RL,,10246,Pave,,IR1,Lvl,AllPub,CulDSac,Gtl,Sawyer,Norm,Norm,1Fam,SLvl,4,9,1965,2001,Gable,CompShg,VinylSd,VinylSd,None,0.0,TA,Gd,CBlock,TA,Gd,Av,GLQ,648,Unf,0,0,648,GasA,Ex,Y,SBrkr,960,0,0,960,1,1,0,0,0,1,TA,3,Typ,0,,Attchd,1965.0,Unf,1,364,TA,TA,Y,88,0,0,0,0,0,,,,0,5,2006,WD,Normal,120158.67546627764
443,50,RM,52.0,6240,Pave,,Reg,Lvl,AllPub,Inside,Gtl,BrkSide,Norm,Norm,1Fam,1.5Fin,5,7,1930,1992,Gable,CompShg,MetalSd,MetalSd,None,0.0,TA,TA,PConc,TA,TA,No,Unf,0,Unf,0,1078,1078,GasA,TA,Y,SBrkr,1128,445,0,1573,0,0,2,0,3,1,TA,8,Typ,1,Gd,Detchd,1930.0,Unf,2,360,TA,TA,P,0,0,0,0,0,0,,,,0,6,2008,WD,Normal,149610.39558221697
903,60,RL,63.0,7875,Pave,,Reg,Lvl,AllPub,Inside,Gtl,Gilbert,Norm,Norm,1Fam,2Story,7,5,2003,2003,Gable,CompShg,VinylSd,VinylSd,None,0.0,Gd,TA,PConc,Gd,TA,No,Unf,0,Unf,0,783,783,GasA,Ex,Y,SBrkr,807,702,0,1509,0,0,2,1,3,1,Gd,8,Typ,1,Gd,Attchd,2003.0,Fin,2,393,TA,TA,Y,0,75,0,0,0,0,,,,0,7,2006,WD,Normal,191362.6126275508
53,90,RM,110.0,8472,Grvl,,IR2,Bnk,AllPub,Corner,Mod,IDOTRR,RRNn,Norm,Duplex,1Story,5,5,1963,1963,Gable,CompShg,Wd Sdng,Wd Sdng,None,0.0,Fa,TA,CBlock,Gd,TA,Gd,LwQ,104,GLQ,712,0,816,GasA,TA,N,SBrkr,816,0,0,816,1,0,1,0,2,1,TA,5,Typ,0,,CarPort,1963.0,Unf,2,516,TA,TA,Y,106,0,0,0,0,0,,,,0,5,2010,WD,Normal,117585.47051346998
469,20,RL,98.0,11428,Pave,,IR1,Lvl,AllPub,Inside,Gtl,NridgHt,Norm,Norm,1Fam,1Story,8,5,2006,2006,Gable,CompShg,VinylSd,VinylSd,Stone,248.0,Gd,TA,PConc,Gd,TA,No,Unf,0,Unf,0,1626,1626,GasA,Ex,Y,SBrkr,1634,0,0,1634,0,0,2,0,3,1,Gd,7,Typ,1,Gd,Attchd,2006.0,RFn,3,866,TA,TA,Y,0,44,0,0,0,0,,,,0,5,2007,WD,Normal,234687.42729258857
76,180,RM,21.0,1596,Pave,,Reg,Lvl,AllPub,Inside,Gtl,MeadowV,Norm,Norm,Twnhs,SLvl,4,5,1973,1973,Gable,CompShg,CemntBd,CmentBd,None,0.0,TA,TA,CBlock,Gd,TA,Gd,GLQ,462,Unf,0,0,462,GasA,TA,Y,SBrkr,526,462,0,988,1,0,1,0,2,1,TA,5,Typ,0,,BuiltIn,1973.0,Unf,1,297,TA,TA,Y,120,101,0,0,0,0,,GdWo,,0,11,2009,WD,Normal,97054.67840860158
1142,60,RL,,10304,Pave,,IR1,Lvl,AllPub,CulDSac,Gtl,NWAmes,PosN,Norm,1Fam,2Story,5,7,1976,1976,Gable,CompShg,Plywood,Plywood,BrkFace,44.0,TA,Gd,CBlock,TA,TA,No,ALQ,381,Unf,0,399,780,GasA,Ex,Y,SBrkr,1088,780,0,1868,1,0,2,1,4,1,Gd,9,Typ,1,TA,Attchd,1976.0,Unf,2,484,TA,TA,Y,448,96,0,0,0,0,,,,0,10,2009,WD,Normal,169538.79080613545
1222,20,RL,55.0,8250,Pave,,Reg,Lvl,AllPub,Inside,Gtl,Sawyer,Feedr,Norm,1Fam,1Story,5,5,1968,1968,Hip,CompShg,HdBoard,HdBoard,None,0.0,TA,TA,CBlock,TA,TA,No,BLQ,250,LwQ,492,210,952,GasA,Ex,Y,SBrkr,1211,0,0,1211,0,0,1,0,3,1,TA,5,Typ,1,TA,Attchd,1968.0,Unf,1,322,TA,TA,Y,0,63,0,0,0,0,,,,0,8,2008,WD,Normal,132930.53299967508
851,120,RM,36.0,4435,Pave,,Reg,Lvl,AllPub,Inside,Gtl,CollgCr,Norm,Norm,TwnhsE,1Story,6,5,2003,2003,Gable,CompShg,VinylSd,VinylSd,BrkFace,170.0,Gd,TA,PConc,Gd,TA,Av,GLQ,659,Unf,0,189,848,GasA,Ex,Y,SBrkr,848,0,0,848,1,0,1,0,1,1,Gd,3,Typ,0,,Attchd,2003.0,Fin,2,420,TA,TA,Y,140,0,0,0,0,0,,,,0,11,2007,WD,Normal,142916.01894645966
334,120,RM,59.0,8198,Pave,,Reg,Lvl,AllPub,FR3,Gtl,NridgHt,Norm,Norm,TwnhsE,1Story,7,5,2004,2004,Gable,CompShg,VinylSd,VinylSd,Stone,146.0,Gd,TA,PConc,Gd,TA,Av,GLQ,720,Unf,0,638,1358,GasA,Ex,Y,SBrkr,1358,0,0,1358,1,0,2,0,2,1,Gd,6,Typ,1,Gd,Attchd,2004.0,RFn,2,484,TA,TA,Y,192,30,0,0,0,0,,,,0,7,2008,WD,Normal,202235.79737320347
1008,160,RM,21.0,2217,Pave,,Reg,Lvl,AllPub,Inside,Gtl,MeadowV,Norm,Norm,TwnhsE,2Story,4,4,1970,1970,Gable,CompShg,CemntBd,CmentBd,None,0.0,TA,TA,CBlock,TA,TA,No,BLQ,273,LwQ,273,0,546,GasA,TA,Y,SBrkr,546,546,0,1092,0,0,1,1,3,1,TA,6,Typ,0,,Attchd,1970.0,RFn,1,286,TA,TA,Y,238,0,0,0,0,0,,,,0,8,2009,WD,Normal,93396.6144565187
19,20,RL,66.0,13695,Pave,,Reg,Lvl,AllPub,Inside,Gtl,SawyerW,RRAe,Norm,1Fam,1Story,5,5,2004,2004,Gable,CompShg,VinylSd,VinylSd,None,0.0,TA,TA,PConc,TA,TA,No,GLQ,646,Unf,0,468,1114,GasA,Ex,Y,SBrkr,1114,0,0,1114,1,0,1,1,3,1,Gd,6,Typ,0,,Detchd,2004.0,Unf,2,576,TA,TA,Y,0,102,0,0,0,0,,,,0,6,2008,WD,Normal,148374.6588524922
339,20,RL,91.0,14145,Pave,,Reg,Lvl,AllPub,Corner,Gtl,NWAmes,Norm,Norm,1Fam,1Story,7,7,1984,1998,Gable,CompShg,Wd Sdng,Wd Sdng,None,0.0,Gd,TA,CBlock,Gd,TA,Mn,ALQ,213,Unf,0,995,1208,GasA,Ex,Y,SBrkr,1621,0,0,1621,1,0,2,0,3,1,Gd,8,Typ,0,,Attchd,1984.0,RFn,2,440,TA,TA,Y,108,45,0,0,0,0,,,Shed,400,5,2006,WD,Normal,206522.04971985918
1118,20,RL,57.0,9764,Pave,,IR1,Lvl,AllPub,FR2,Gtl,Sawyer,Feedr,Norm,1Fam,1Story,5,7,1967,2003,Gable,CompShg,VinylSd,VinylSd,None,0.0,TA,TA,CBlock,TA,TA,No,BLQ,702,Unf,0,192,894,GasA,Ex,Y,SBrkr,894,0,0,894,1,0,1,0,3,1,Gd,5,Typ,0,,Attchd,1967.0,RFn,2,450,TA,TA,Y,0,0,0,0,0,0,,,,0,5,2008,WD,Normal,139286.60968243508
834,20,RL,100.0,10004,Pave,,Reg,Lvl,AllPub,Inside,Gtl,NAmes,Norm,Norm,1Fam,1Story,6,6,1964,1964,Gable,CompShg,HdBoard,Plywood,BrkFace,180.0,TA,TA,CBlock,TA,TA,No,Rec,196,BLQ,345,975,1516,GasA,TA,Y,SBrkr,1516,0,0,1516,0,0,1,1,3,1,TA,6,Typ,0,,Attchd,1964.0,RFn,2,472,TA,TA,Y,0,0,0,0,152,0,,,,0,2,2009,WD,Normal,157679.850166362
1176,50,RL,85.0,10678,Pave,,Reg,Lvl,AllPub,Inside,Gtl,NoRidge,Norm,Norm,1Fam,1.5Fin,8,5,1992,2000,Hip,CompShg,HdBoard,HdBoard,BrkFace,337.0,Gd,TA,PConc,Gd,TA,No,GLQ,700,Unf,0,983,1683,GasA,Ex,Y,SBrkr,2129,743,0,2872,0,0,2,1,4,1,Gd,9,Typ,1,TA,Attchd,1992.0,Fin,2,541,TA,TA,Y,0,33,0,0,0,0,,,,0,4,2007,WD,Normal,280412.6475857678
945,20,RL,,14375,Pave,,IR1,Lvl,NoSeWa,CulDSac,Gtl,Timber,Norm,Norm,1Fam,SLvl,6,6,1958,1958,Gable,CompShg,HdBoard,HdBoard,BrkFace,541.0,TA,TA,CBlock,TA,TA,No,GLQ,111,Rec,354,354,819,GasA,Gd,Y,FuseA,1344,0,0,1344,0,1,1,0,3,1,Gd,7,Typ,1,Gd,Basment,1958.0,RFn,2,525,TA,TA,Y,0,118,0,0,233,0,,,,0,1,2009,COD,Abnorml,163278.53045747243
1415,50,RL,64.0,13053,Pave,Pave,Reg,Bnk,AllPub,Inside,Gtl,BrkSide,Norm,Norm,1Fam,1.5Fin,6,7,1923,2000,Gambrel,CompShg,Wd Sdng,Wd Sdng,None,0.0,TA,TA,BrkTil,TA,TA,No,Unf,0,Unf,0,833,833,GasA,Gd,Y,SBrkr,1053,795,0,1848,0,0,1,1,4,1,Gd,8,Typ,1,Gd,Detchd,1922.0,Unf,2,370,TA,TA,N,0,0,0,0,220,0,,,,0,6,2008,WD,Normal,175116.90100158582
911,90,RL,80.0,11600,Pave,,Reg,Lvl,AllPub,Corner,Gtl,NAmes,Feedr,Norm,Duplex,2Story,5,5,1960,1960,Gable,CompShg,MetalSd,MetalSd,BrkFace,361.0,TA,TA,CBlock,TA,TA,No,Rec,443,Unf,0,662,1105,GasA,TA,Y,FuseA,1105,1169,0,2274,0,0,2,0,5,2,TA,12,Typ,0,,Detchd,1960.0,Unf,2,480,TA,TA,Y,0,0,0,0,0,0,,,,0,1,2010,WD,Normal,148507.7231026692
388,80,RL,72.0,7200,Pave,,Reg,Lvl,AllPub,Inside,Gtl,Edwards,Norm,Norm,1Fam,SLvl,6,6,1976,1976,Hip,CompShg,MetalSd,MetalSd,BrkFace,255.0,TA,TA,CBlock,TA,TA,Av,ALQ,631,Unf,0,410,1041,GasA,Ex,Y,SBrkr,1125,0,0,1125,1,0,1,0,3,1,TA,6,Typ,1,Fa,Detchd,1977.0,Unf,1,352,TA,TA,Y,296,0,0,0,0,0,,GdWo,,0,10,2009,WD,Abnorml,132882.24413626155
747,60,RL,,8795,Pave,,IR1,Lvl,AllPub,Inside,Gtl,Gilbert,Norm,Norm,1Fam,2Story,7,5,2000,2000,Gable,CompShg,VinylSd,VinylSd,None,0.0,Gd,TA,PConc,Gd,TA,No,GLQ,300,Unf,0,652,952,GasA,Ex,Y,SBrkr,980,1276,0,2256,0,0,2,1,4,1,Gd,8,Typ,1,TA,BuiltIn,2000.0,Fin,2,554,TA,TA,Y,224,54,0,0,0,0,,,,0,4,2009,WD,Normal,249845.02248563032
620,60,RL,85.0,12244,Pave,,Reg,Lvl,AllPub,Inside,Gtl,Timber,Norm,Norm,1Fam,2Story,8,5,2003,2003,Hip,CompShg,VinylSd,VinylSd,Stone,226.0,Gd,TA,PConc,Gd,TA,Gd,GLQ,871,Unf,0,611,1482,GasA,Ex,Y,SBrkr,1482,780,0,2262,1,0,2,1,4,1,Gd,10,Typ,2,Gd,Attchd,2003.0,Fin,3,749,TA,TA,Y,168,0,0,0,0,0,,,,0,8,2008,WD,Normal,306889.64452365006
386,120,RL,43.0,3182,Pave,,Reg,Lvl,AllPub,Inside,Gtl,Blmngtn,Norm,Norm,TwnhsE,1Story,8,5,2004,2005,Gable,CompShg,VinylSd,VinylSd,BrkFace,16.0,Gd,TA,PConc,Gd,TA,No,GLQ,24,Unf,0,1232,1256,GasA,Ex,Y,SBrkr,1269,0,0,1269,0,0,2,0,2,1,Gd,6,Typ,1,TA,Attchd,2004.0,Fin,2,430,TA,TA,Y,146,20,0,0,144,0,,,,0,4,2010,WD,Normal,201006.60130988772
818,20,RL,,13265,Pave,,IR1,Lvl,AllPub,CulDSac,Gtl,Mitchel,Norm,Norm,1Fam,1Story,8,5,2002,2002,Hip,CompShg,CemntBd,CmentBd,BrkFace,148.0,Gd,TA,PConc,Gd,TA,No,GLQ,1218,Unf,0,350,1568,GasA,Ex,Y,SBrkr,1689,0,0,1689,1,0,2,0,3,1,Gd,7,Typ,2,Gd,Attchd,2002.0,RFn,3,857,TA,TA,Y,150,59,0,0,0,0,,,,0,7,2008,WD,Normal,284588.97776082903
539,20,RL,,11553,Pave,,IR1,Lvl,AllPub,Inside,Gtl,Sawyer,Norm,Norm,1Fam,1Story,5,5,1968,1968,Hip,CompShg,Plywood,Plywood,BrkFace,188.0,TA,TA,CBlock,TA,TA,No,BLQ,673,Unf,0,378,1051,GasA,TA,Y,SBrkr,1159,0,0,1159,0,0,1,1,3,1,TA,7,Typ,1,Fa,Attchd,1968.0,Unf,1,336,TA,TA,Y,466,0,0,0,0,0,,,,0,7,2006,WD,Normal,140974.29574390955
535,60,RL,74.0,9056,Pave,,IR1,Lvl,AllPub,Inside,Gtl,Gilbert,Norm,Norm,1Fam,2Story,8,5,2004,2004,Gable,CompShg,VinylSd,VinylSd,None,0.0,Gd,TA,PConc,Ex,Gd,Av,Unf,0,Unf,0,707,707,GasA,Ex,Y,SBrkr,707,707,0,1414,0,0,2,1,3,1,Gd,6,Typ,1,Gd,Attchd,2004.0,Fin,2,403,TA,TA,Y,100,35,0,0,0,0,,,,0,10,2006,WD,Normal,187529.02667416137
1399,50,RL,60.0,7200,Pave,,Reg,Lvl,AllPub,Inside,Gtl,NAmes,Norm,Norm,1Fam,1.5Fin,5,4,1950,1982,Gable,CompShg,VinylSd,Wd Sdng,None,0.0,TA,TA,CBlock,TA,TA,No,Rec,180,BLQ,352,676,1208,GasA,Gd,Y,FuseA,1136,768,0,1904,1,0,1,1,3,1,TA,7,Min1,0,,Attchd,1950.0,Unf,1,240,TA,TA,Y,0,0,168,0,0,0,,GdPrv,,0,5,2009,WD,Normal,135823.81930300084
571,90,RL,74.0,13101,Pave,,IR1,Lvl,AllPub,Inside,Gtl,NAmes,Norm,Norm,Duplex,1Story,5,5,1965,1965,Gable,CompShg,HdBoard,HdBoard,BrkFace,108.0,TA,TA,CBlock,TA,TA,No,LwQ,231,Unf,0,1497,1728,GasA,TA,Y,SBrkr,1728,0,0,1728,0,0,2,0,6,2,TA,10,Typ,0,,Detchd,1987.0,Unf,2,576,TA,TA,Y,0,0,0,0,0,0,,,,0,11,2008,WD,Normal,141909.71488032595
38,20,RL,74.0,8532,Pave,,Reg,Lvl,AllPub,Inside,Gtl,NAmes,Norm,Norm,1Fam,1Story,5,6,1954,1990,Hip,CompShg,Wd Sdng,Wd Sdng,BrkFace,650.0,TA,TA,CBlock,TA,TA,No,Rec,1213,Unf,0,84,1297,GasA,Gd,Y,SBrkr,1297,0,0,1297,0,1,1,0,3,1,TA,5,Typ,1,TA,Attchd,1954.0,Fin,2,498,TA,TA,Y,0,0,0,0,0,0,,,,0,10,2009,WD,Normal,154084.27760117725
850,80,RL,80.0,9600,Pave,,Reg,Lvl,AllPub,FR2,Gtl,Veenker,Feedr,Norm,1Fam,SLvl,6,7,1976,1994,Hip,CompShg,Plywood,Plywood,BrkFace,360.0,Gd,Gd,CBlock,TA,TA,No,Unf,0,Unf,0,528,528,GasA,Ex,Y,SBrkr,1094,761,0,1855,0,0,2,1,3,1,TA,7,Typ,1,TA,Attchd,1976.0,RFn,2,512,TA,TA,Y,113,100,0,0,0,0,,,,0,8,2007,WD,Normal,174457.93778167895
1032,75,RL,102.0,15863,Pave,,Reg,Lvl,AllPub,Corner,Gtl,SWISU,Norm,Norm,1Fam,2.5Fin,7,3,1920,1970,Gable,CompShg,Wd Sdng,Plywood,None,0.0,TA,TA,BrkTil,TA,TA,No,GLQ,523,Unf,0,301,824,GasA,Ex,Y,SBrkr,1687,998,397,3082,1,0,2,1,5,1,TA,12,Typ,2,TA,Basment,1970.0,Fin,2,672,TA,TA,Y,136,63,0,0,0,0,,,,0,8,2009,WD,Normal,264294.7337514691
1433,30,RL,60.0,10800,Pave,Grvl,Reg,Lvl,AllPub,Inside,Gtl,OldTown,Norm,Norm,1Fam,1Story,4,6,1927,2007,Gable,CompShg,Wd Sdng,Wd Sdng,None,0.0,TA,TA,BrkTil,TA,TA,No,Unf,0,Unf,0,656,656,GasA,TA,Y,SBrkr,968,0,0,968,0,0,2,0,4,1,TA,5,Typ,0,,Detchd,1928.0,Unf,1,216,Fa,Fa,Y,0,0,0,0,0,0,,,,0,8,2007,WD,Normal,105305.32586793358
1354,50,RL,56.0,14720,Pave,,IR1,Lvl,AllPub,CulDSac,Gtl,NoRidge,Norm,Norm,1Fam,1.5Fin,8,5,1995,1996,Hip,CompShg,VinylSd,VinylSd,BrkFace,579.0,Gd,TA,PConc,Gd,TA,Av,GLQ,816,Unf,0,1217,2033,GasA,Ex,Y,SBrkr,2053,1185,0,3238,1,0,2,1,4,1,Gd,9,Typ,1,Ex,Attchd,1996.0,Fin,3,666,TA,TA,Y,283,86,0,0,0,0,,,,0,3,2010,WD,Normal,311375.6340423577
1072,60,RL,78.0,11700,Pave,,Reg,Lvl,AllPub,Inside,Gtl,NWAmes,RRAn,Norm,1Fam,2Story,6,6,1968,1968,Gable,CompShg,MetalSd,MetalSd,None,0.0,TA,TA,CBlock,TA,TA,No,Rec,298,Unf,0,429,727,GasA,Ex,Y,SBrkr,829,727,0,1556,0,0,1,1,4,1,TA,8,Typ,0,,Attchd,1968.0,Unf,2,441,TA,TA,Y,0,0,0,0,0,0,,,,0,5,2009,WD,Normal,157154.58572784276
371,60,RL,,8121,Pave,,IR1,Lvl,AllPub,Inside,Gtl,Gilbert,Norm,Norm,1Fam,2Story,6,5,2000,2000,Gable,CompShg,VinylSd,VinylSd,None,0.0,TA,TA,PConc,Gd,TA,No,Unf,0,Unf,0,953,953,GasA,Ex,Y,SBrkr,953,711,0,1664,0,0,2,1,3,1,TA,7,Typ,1,TA,Attchd,2000.0,RFn,2,460,TA,TA,Y,100,40,0,0,0,0,,,,0,1,2006,WD,Normal,179449.6473437349
1242,20,RL,83.0,9849,Pave,,Reg,Lvl,AllPub,Inside,Gtl,Somerst,Norm,Norm,1Fam,1Story,7,6,2007,2007,Hip,CompShg,VinylSd,VinylSd,Stone,0.0,Gd,TA,PConc,Gd,TA,Av,Unf,0,Unf,0,1689,1689,GasA,Ex,Y,SBrkr,1689,0,0,1689,0,0,2,0,3,1,Gd,7,Typ,0,,Attchd,2007.0,RFn,3,954,TA,TA,Y,0,56,0,0,0,0,,,,0,6,2007,New,Partial,231099.01215816537
681,120,RL,50.0,8012,Pave,,Reg,Lvl,AllPub,Inside,Gtl,SawyerW,Norm,Norm,TwnhsE,1Story,6,5,1980,1980,Gable,CompShg,Plywood,Plywood,None,0.0,TA,TA,CBlock,Gd,TA,No,BLQ,543,BLQ,119,261,923,GasA,TA,Y,SBrkr,923,0,0,923,0,0,2,0,2,1,TA,5,Typ,1,TA,Attchd,1980.0,RFn,1,264,TA,TA,Y,80,0,0,0,0,0,,,,0,5,2010,WD,Normal,124754.26858916461
290,70,RL,60.0,8730,Pave,,Reg,Lvl,AllPub,Inside,Gtl,BrkSide,RRAn,Norm,1Fam,2Story,6,7,1915,2003,Gable,CompShg,Wd Sdng,Wd Sdng,None,0.0,TA,TA,BrkTil,TA,TA,No,Unf,0,Unf,0,698,698,GasA,Ex,Y,FuseA,698,698,0,1396,0,0,1,0,3,1,TA,7,Typ,0,,Detchd,2003.0,Unf,1,384,TA,TA,Y,0,0,0,0,259,0,,,,0,7,2007,WD,Normal,135932.62090410737
973,120,RL,55.0,7892,Pave,,Reg,Lvl,AllPub,Inside,Gtl,SawyerW,Norm,Norm,TwnhsE,1Story,6,5,1979,1979,Gable,CompShg,Plywood,Plywood,None,0.0,TA,TA,CBlock,Gd,TA,No,Unf,0,Unf,0,918,918,GasA,TA,Y,SBrkr,918,0,0,918,0,0,2,0,2,1,TA,5,Typ,1,TA,Attchd,1979.0,Unf,1,264,TA,TA,Y,28,0,0,0,0,0,,,,0,4,2010,WD,Normal,115893.7087285769
989,60,RL,,12046,Pave,,IR1,Lvl,AllPub,Inside,Gtl,NWAmes,Norm,Norm,1Fam,2Story,6,6,1976,1976,Gable,CompShg,Plywood,Plywood,BrkFace,298.0,TA,TA,CBlock,TA,TA,No,LwQ,156,Unf,0,692,848,GasA,TA,Y,SBrkr,1118,912,0,2030,0,0,2,1,4,1,Gd,8,Typ,1,TA,Attchd,1976.0,Fin,2,551,TA,TA,Y,0,224,0,0,0,0,,,,0,6,2007,WD,Normal,194522.42412733997
484,120,RM,32.0,4500,Pave,,Reg,Lvl,AllPub,FR2,Gtl,Mitchel,Norm,Norm,Twnhs,1Story,6,5,1998,1998,Hip,CompShg,VinylSd,VinylSd,BrkFace,116.0,TA,TA,PConc,Ex,TA,No,GLQ,897,Unf,0,319,1216,GasA,Ex,Y,SBrkr,1216,0,0,1216,1,0,2,0,2,1,TA,5,Typ,0,,Attchd,1998.0,Unf,2,402,TA,TA,Y,0,125,0,0,0,0,,,,0,5,2006,WD,Normal,169699.51532278207
1240,20,RL,64.0,9037,Pave,,IR1,HLS,AllPub,Inside,Gtl,Timber,Norm,Norm,1Fam,1Story,8,5,2006,2006,Hip,CompShg,VinylSd,VinylSd,BrkFace,32.0,Gd,TA,PConc,Gd,TA,Av,GLQ,428,Unf,0,1048,1476,GasA,Ex,Y,SBrkr,1484,0,0,1484,0,0,2,0,2,1,Ex,6,Typ,1,Gd,Attchd,2006.0,RFn,2,472,TA,TA,Y,120,33,0,0,0,0,,,,0,12,2007,WD,Normal,240030.5931887322
1125,80,RL,,9125,Pave,,IR1,Lvl,AllPub,Inside,Gtl,Gilbert,Norm,Norm,1Fam,SLvl,7,5,1992,1992,Gable,CompShg,HdBoard,HdBoard,BrkFace,170.0,TA,TA,PConc,Gd,TA,No,Unf,0,Unf,0,384,384,GasA,Gd,Y,SBrkr,812,670,0,1482,0,0,2,1,3,1,Gd,7,Typ,1,TA,Attchd,1992.0,Fin,2,392,TA,TA,Y,100,25,0,0,0,0,,,,0,7,2007,WD,Normal,175187.8922736492
1143,60,RL,77.0,9965,Pave,,Reg,Lvl,AllPub,Inside,Gtl,CollgCr,Norm,Norm,1Fam,2Story,8,5,2006,2007,Hip,CompShg,VinylSd,VinylSd,Stone,340.0,Gd,TA,PConc,Ex,TA,Gd,GLQ,1150,Unf,0,316,1466,GasA,Ex,Y,SBrkr,1466,1362,0,2828,1,0,3,0,4,1,Gd,11,Typ,1,TA,BuiltIn,2006.0,RFn,3,1052,TA,TA,Y,125,144,0,0,0,0,,,,0,4,2007,New,Partial,304898.5870187071
1340,20,RL,120.0,9560,Pave,,IR1,Lvl,AllPub,Corner,Gtl,CollgCr,Norm,Norm,1Fam,1Story,5,7,1972,1972,Hip,CompShg,MetalSd,MetalSd,None,0.0,TA,Gd,CBlock,TA,TA,Mn,Rec,360,Unf,0,504,864,GasA,Ex,Y,SBrkr,864,0,0,864,0,0,1,0,3,1,TA,5,Typ,0,,Attchd,1972.0,RFn,1,288,TA,TA,Y,0,0,0,0,0,0,,,,0,6,2006,WD,Normal,120921.51447131782
1343,60,RL,,9375,Pave,,Reg,Lvl,AllPub,Inside,Gtl,CollgCr,Norm,Norm,1Fam,2Story,8,5,2002,2002,Gable,CompShg,VinylSd,VinylSd,BrkFace,149.0,Gd,TA,PConc,Gd,TA,No,Unf,0,Unf,0,1284,1284,GasA,Ex,Y,SBrkr,1284,885,0,2169,0,0,2,1,3,1,Gd,7,Typ,1,Gd,Attchd,2002.0,RFn,2,647,TA,TA,Y,192,87,0,0,0,0,,,,0,8,2007,WD,Normal,263500.1125824877
936,30,RL,52.0,5825,Pave,,IR1,Lvl,AllPub,Inside,Gtl,BrkSide,Norm,Norm,1Fam,1Story,4,5,1926,1953,Gable,CompShg,MetalSd,MetalSd,BrkFace,108.0,TA,Gd,PConc,Fa,TA,Mn,Unf,0,Unf,0,600,600,GasA,Gd,Y,SBrkr,747,0,0,747,0,0,1,0,1,1,TA,5,Typ,0,,Detchd,1953.0,Unf,2,528,TA,TA,Y,0,0,32,0,0,0,,,,0,6,2006,WD,Normal,98465.72623336111
1151,20,RL,57.0,8280,Pave,,IR1,Lvl,AllPub,Inside,Gtl,NAmes,Norm,Norm,1Fam,1Story,6,5,1950,1950,Gable,CompShg,BrkFace,BrkFace,None,0.0,TA,TA,CBlock,TA,TA,No,Unf,0,Unf,0,932,932,GasA,Ex,Y,FuseA,932,0,0,932,0,0,1,0,2,1,Gd,4,Typ,1,Gd,Attchd,1950.0,Unf,1,306,TA,TA,Y,0,0,214,0,0,0,,GdPrv,,0,11,2007,WD,Normal,114084.59962851362
1380,80,RL,73.0,9735,Pave,,Reg,Lvl,AllPub,Inside,Gtl,Timber,Norm,Norm,1Fam,SLvl,5,5,2006,2007,Gable,CompShg,VinylSd,VinylSd,None,0.0,TA,TA,PConc,Gd,TA,No,Unf,0,Unf,0,384,384,GasA,Gd,Y,,754,640,0,1394,0,0,2,1,3,1,Gd,7,Typ,0,,BuiltIn,2007.0,Fin,2,400,TA,TA,Y,100,0,0,0,0,0,,,,0,5,2008,WD,Normal,158221.69961561335
1190,60,RL,60.0,7500,Pave,,Reg,Lvl,AllPub,Inside,Gtl,Gilbert,Norm,Norm,1Fam,2Story,7,5,1999,1999,Gable,CompShg,VinylSd,VinylSd,None,0.0,TA,TA,PConc,TA,TA,No,Unf,0,Unf,0,994,994,GasA,Gd,Y,SBrkr,1028,776,0,1804,0,0,2,1,3,1,Gd,7,Typ,1,TA,Attchd,1999.0,Fin,2,442,TA,TA,Y,140,60,0,0,0,0,,,,0,6,2010,WD,Normal,210286.9880656037
635,90,RL,64.0,6979,Pave,,Reg,Lvl,AllPub,Inside,Gtl,OldTown,Norm,Norm,Duplex,SFoyer,6,5,1980,1980,Gable,CompShg,Plywood,Plywood,None,0.0,TA,TA,CBlock,TA,TA,No,GLQ,1056,Unf,0,0,1056,GasA,Gd,Y,SBrkr,1056,0,0,1056,2,0,0,0,0,2,TA,4,Typ,0,,Detchd,1980.0,Unf,2,576,TA,TA,Y,264,56,0,0,0,0,,GdPrv,Shed,600,6,2010,WD,Normal,136221.23544482957
47,50,RL,48.0,12822,Pave,,IR1,Lvl,AllPub,CulDSac,Gtl,Mitchel,Norm,Norm,1Fam,1.5Fin,7,5,2003,2003,Gable,CompShg,VinylSd,VinylSd,None,0.0,Gd,TA,PConc,Ex,TA,No,GLQ,1351,Unf,0,83,1434,GasA,Ex,Y,SBrkr,1518,631,0,2149,1,0,1,1,1,1,Gd,6,Typ,1,Ex,Attchd,2003.0,RFn,2,670,TA,TA,Y,168,43,0,0,198,0,,,,0,8,2009,WD,Abnorml,272114.4767629778
729,90,RL,85.0,11475,Pave,,Reg,Lvl,AllPub,Corner,Gtl,NAmes,Norm,Norm,Duplex,1Story,5,5,1958,1958,Gable,CompShg,VinylSd,VinylSd,BrkFace,95.0,TA,TA,CBlock,TA,TA,No,Unf,0,Unf,0,1584,1584,GasA,TA,Y,SBrkr,1776,0,0,1776,1,0,2,0,4,2,TA,9,Typ,0,,Detchd,1968.0,Unf,3,888,TA,TA,Y,0,25,0,0,0,0,,,,0,7,2009,COD,Abnorml,135066.05895246004
1434,60,RL,93.0,10261,Pave,,IR1,Lvl,AllPub,Inside,Gtl,Gilbert,Norm,Norm,1Fam,2Story,6,5,2000,2000,Gable,CompShg,VinylSd,VinylSd,BrkFace,318.0,TA,TA,PConc,Gd,TA,No,Unf,0,Unf,0,936,936,GasA,Ex,Y,SBrkr,962,830,0,1792,1,0,2,1,3,1,TA,8,Typ,1,TA,Attchd,2000.0,Fin,2,451,TA,TA,Y,0,0,0,0,0,0,,,,0,5,2008,WD,Normal,178794.9733396088
472,60,RL,92.0,11952,Pave,,Reg,Lvl,AllPub,Inside,Gtl,NWAmes,PosA,Norm,1Fam,2Story,7,6,1977,1977,Mansard,WdShake,WdShing,Plywood,None,0.0,TA,TA,CBlock,Gd,TA,No,Unf,0,Unf,0,808,808,GasA,TA,Y,SBrkr,1161,808,0,1969,0,0,2,1,3,1,TA,8,Typ,1,Gd,Attchd,1977.0,RFn,2,534,TA,TA,Y,0,0,0,0,276,0,,,,0,11,2007,WD,Normal,208161.2536870215
1156,20,RL,90.0,10768,Pave,,IR1,Lvl,AllPub,Corner,Gtl,Veenker,Norm,Norm,1Fam,1Story,5,8,1976,2004,Gable,CompShg,Plywood,Plywood,None,0.0,Gd,Gd,CBlock,Gd,TA,Gd,ALQ,1157,Unf,0,280,1437,GasA,TA,Y,SBrkr,1437,0,0,1437,1,0,2,0,3,1,Gd,6,Typ,1,Fa,Attchd,1976.0,RFn,2,528,TA,TA,Y,0,21,0,0,180,0,,,,0,7,2007,WD,Normal,175331.02090453243
1352,60,RL,70.0,9247,Pave,,IR1,Lvl,AllPub,Inside,Gtl,NAmes,Norm,Norm,1Fam,2Story,6,6,1962,1962,Gable,CompShg,HdBoard,HdBoard,BrkFace,318.0,TA,TA,CBlock,TA,TA,No,Rec,319,Unf,0,539,858,GasA,Ex,Y,SBrkr,858,858,0,1716,0,0,1,1,4,1,TA,8,Typ,1,Gd,Attchd,1962.0,Fin,2,490,TA,TA,Y,0,84,0,0,120,0,,,,0,3,2008,WD,Normal,165581.10209080842
717,70,RM,60.0,10800,Pave,Grvl,Reg,Bnk,AllPub,Inside,Gtl,OldTown,Norm,Norm,1Fam,2Story,7,8,1890,1998,Gable,CompShg,Wd Sdng,VinylSd,None,0.0,TA,Gd,BrkTil,TA,TA,No,Unf,0,Unf,0,718,718,GasA,Ex,Y,SBrkr,1576,978,0,2554,0,0,1,1,3,1,TA,8,Typ,0,,Detchd,1996.0,Unf,2,704,TA,TA,P,0,48,143,0,0,0,,,,0,7,2007,WD,Normal,251484.7902521093
385,60,RL,,53107,Pave,,IR2,Low,AllPub,Corner,Mod,ClearCr,Feedr,Norm,1Fam,2Story,6,5,1992,1992,Gable,CompShg,HdBoard,HdBoard,None,0.0,Gd,TA,PConc,Gd,TA,Av,GLQ,985,Unf,0,595,1580,GasA,Ex,Y,SBrkr,1079,874,0,1953,1,0,2,1,3,1,Gd,9,Typ,2,Fa,Attchd,1992.0,Fin,2,501,TA,TA,Y,216,231,0,0,0,0,,,,0,6,2007,WD,Normal,213680.79596243647
1334,50,RM,60.0,7200,Pave,,Reg,Lvl,AllPub,Corner,Gtl,IDOTRR,Norm,Norm,1Fam,1.5Fin,5,6,1938,1995,Gable,CompShg,Wd Sdng,Wd Sdng,None,0.0,TA,TA,CBlock,TA,TA,No,Unf,0,Unf,0,803,803,GasA,Ex,Y,SBrkr,803,557,0,1360,0,0,1,1,2,1,Gd,6,Typ,0,,Detchd,1951.0,Unf,1,297,TA,TA,Y,0,65,190,0,0,0,,MnPrv,,0,7,2006,WD,Normal,132799.0220301612
243,50,RM,63.0,5000,Pave,,Reg,Lvl,AllPub,Corner,Gtl,OldTown,Norm,Norm,1Fam,1.5Fin,5,4,1900,1950,Gable,CompShg,Wd Sdng,Wd Sdng,None,0.0,TA,TA,BrkTil,TA,TA,No,Unf,0,Unf,0,540,540,GasA,Gd,N,FuseA,889,551,0,1440,0,0,1,0,3,1,TA,6,Typ,0,,Attchd,1940.0,Unf,1,352,Fa,TA,Y,0,0,77,0,0,0,,,,0,4,2006,WD,Normal,113294.20859818418
39,20,RL,68.0,7922,Pave,,Reg,Lvl,AllPub,Inside,Gtl,NAmes,Norm,Norm,1Fam,1Story,5,7,1953,2007,Gable,CompShg,VinylSd,VinylSd,None,0.0,TA,Gd,CBlock,TA,TA,No,GLQ,731,Unf,0,326,1057,GasA,TA,Y,SBrkr,1057,0,0,1057,1,0,1,0,3,1,Gd,5,Typ,0,,Detchd,1953.0,Unf,1,246,TA,TA,Y,0,52,0,0,0,0,,,,0,1,2010,WD,Abnorml,127430.54792671012
1168,60,RL,58.0,10852,Pave,,IR1,Lvl,AllPub,Inside,Gtl,Gilbert,RRAn,Norm,1Fam,2Story,6,5,2000,2000,Gable,CompShg,VinylSd,VinylSd,None,0.0,TA,TA,PConc,Gd,TA,No,GLQ,786,Unf,0,173,959,GasA,Ex,Y,SBrkr,959,712,0,1671,1,0,2,1,3,1,TA,7,Typ,1,TA,Attchd,2000.0,Fin,2,472,TA,TA,Y,0,38,0,0,0,0,,,,0,2,2006,WD,Normal,186449.2221908384
214,20,RL,43.0,13568,Pave,,IR2,Lvl,AllPub,CulDSac,Gtl,CollgCr,Norm,Norm,1Fam,1Story,5,5,1995,1995,Gable,CompShg,VinylSd,VinylSd,None,0.0,TA,TA,PConc,Gd,TA,No,ALQ,716,Unf,0,274,990,GasA,Ex,Y,SBrkr,990,0,0,990,0,1,1,0,3,1,TA,5,Typ,0,,Attchd,1996.0,Unf,2,576,TA,TA,Y,224,0,0,0,0,0,,,,0,7,2006,WD,Normal,144917.46790179567
647,20,RL,60.0,7200,Pave,,Reg,Lvl,AllPub,Inside,Gtl,NAmes,Norm,Norm,1Fam,1Story,5,5,1950,1950,Hip,CompShg,MetalSd,MetalSd,None,0.0,TA,TA,CBlock,,,,,0,,0,0,0,GasA,Gd,Y,SBrkr,1048,0,0,1048,0,0,1,0,3,1,TA,7,Min1,0,,Detchd,1950.0,Unf,2,420,TA,TA,Y,0,27,0,0,0,0,,,,0,7,2008,WD,Normal,106695.96824975735
490,180,RM,21.0,1526,Pave,,Reg,Lvl,AllPub,Inside,Gtl,MeadowV,Norm,Norm,Twnhs,SFoyer,4,8,1970,2002,Gable,CompShg,CemntBd,CmentBd,None,0.0,TA,Gd,CBlock,Gd,TA,Av,GLQ,515,Unf,0,115,630,GasA,TA,Y,SBrkr,630,0,0,630,1,0,1,0,1,1,Gd,3,Typ,0,,Attchd,1970.0,Unf,1,286,TA,TA,Y,0,0,0,0,0,0,,,,0,5,2009,WD,Normal,98168.76594285053
512,120,RL,40.0,6792,Pave,,IR1,Lvl,AllPub,Inside,Gtl,NridgHt,Norm,Norm,TwnhsE,1Story,7,5,2005,2006,Gable,CompShg,VinylSd,VinylSd,Stone,94.0,Gd,TA,PConc,Gd,TA,No,Unf,0,Unf,0,1368,1368,GasA,Ex,Y,SBrkr,1368,0,0,1368,0,0,2,0,2,1,Gd,6,Typ,1,Gd,Attchd,2005.0,RFn,2,474,TA,TA,Y,132,35,0,0,0,0,,,,0,3,2006,New,Partial,203243.76683915168
1181,60,RL,,11170,Pave,,IR2,Lvl,AllPub,Corner,Gtl,Timber,Norm,Norm,1Fam,2Story,7,5,1990,1991,Gable,CompShg,MetalSd,MetalSd,None,0.0,TA,TA,Wood,Gd,TA,No,LwQ,1216,Unf,0,0,1216,GasA,Ex,Y,SBrkr,1298,1216,0,2514,0,0,2,1,4,1,TA,8,Typ,0,,Attchd,1990.0,Fin,2,693,TA,TA,Y,0,0,0,0,0,0,,GdPrv,,0,4,2006,WD,Normal,271350.8481643624
1451,90,RL,60.0,9000,Pave,,Reg,Lvl,AllPub,FR2,Gtl,NAmes,Norm,Norm,Duplex,2Story,5,5,1974,1974,Gable,CompShg,VinylSd,VinylSd,None,0.0,TA,TA,CBlock,Gd,TA,No,Unf,0,Unf,0,896,896,GasA,TA,Y,SBrkr,896,896,0,1792,0,0,2,2,4,2,TA,8,Typ,0,,,,,0,0,,,Y,32,45,0,0,0,0,,,,0,9,2009,WD,Normal,132987.5326468329
1428,50,RL,60.0,10930,Pave,Grvl,Reg,Bnk,AllPub,Inside,Gtl,NAmes,Artery,Norm,1Fam,1.5Fin,5,6,1945,1950,Gable,CompShg,MetalSd,MetalSd,None,0.0,TA,TA,CBlock,TA,TA,No,BLQ,580,Unf,0,333,913,GasA,TA,Y,FuseA,1048,510,0,1558,1,0,1,1,3,1,TA,6,Typ,1,TA,Attchd,1962.0,Unf,1,288,TA,TA,Y,0,0,0,0,0,0,,,,0,4,2008,WD,Normal,144677.18207195087
767,60,RL,80.0,10421,Pave,,Reg,Lvl,AllPub,Inside,Gtl,NWAmes,Norm,Norm,1Fam,2Story,7,5,1988,1988,Gable,CompShg,HdBoard,HdBoard,BrkFace,42.0,TA,TA,CBlock,Gd,TA,No,GLQ,394,Unf,0,586,980,GasA,TA,Y,SBrkr,980,734,0,1714,0,0,2,1,3,1,TA,7,Typ,1,TA,Attchd,1988.0,Unf,2,496,TA,TA,Y,228,66,156,0,0,0,,MnPrv,Shed,500,3,2010,WD,Normal,194165.64411970082
1250,20,RL,60.0,7200,Pave,,Reg,Lvl,AllPub,Inside,Gtl,NAmes,Norm,Norm,1Fam,1Story,5,7,1950,1950,Gable,CompShg,MetalSd,MetalSd,None,0.0,TA,TA,CBlock,TA,TA,No,BLQ,534,Rec,96,246,876,GasA,TA,Y,SBrkr,988,0,0,988,0,0,1,0,3,1,TA,6,Typ,0,,Attchd,1950.0,Unf,1,276,TA,TA,Y,0,80,0,0,0,0,,,,0,5,2007,WD,Normal,121125.090802501
855,20,RL,102.0,17920,Pave,,Reg,Lvl,AllPub,Inside,Gtl,Sawyer,Norm,Norm,1Fam,1Story,5,4,1955,1974,Hip,CompShg,Wd Sdng,Plywood,None,0.0,TA,TA,CBlock,TA,TA,Mn,ALQ,306,Rec,1085,372,1763,GasA,TA,Y,SBrkr,1779,0,0,1779,1,0,1,1,3,1,TA,6,Typ,1,Gd,Attchd,1955.0,Unf,2,454,TA,TA,Y,0,418,0,0,312,0,,,,0,7,2006,WD,Abnorml,176019.0211942418
1001,20,RL,74.0,10206,Pave,,Reg,Lvl,AllPub,Corner,Gtl,Edwards,Norm,Norm,1Fam,1Story,3,3,1952,1952,Flat,Tar&Grv,BrkComm,Brk Cmn,None,0.0,TA,TA,Slab,,,,,0,,0,0,0,GasW,Fa,N,FuseF,944,0,0,944,0,0,1,0,2,1,Fa,4,Min1,0,,Detchd,1956.0,Unf,2,528,TA,Fa,Y,0,0,0,0,0,0,,,,0,7,2009,WD,Normal,93179.2123293612
49,190,RM,33.0,4456,Pave,,Reg,Lvl,AllPub,Inside,Gtl,OldTown,Norm,Norm,2fmCon,2Story,4,5,1920,2008,Gable,CompShg,MetalSd,MetalSd,None,0.0,TA,TA,BrkTil,TA,TA,No,Unf,0,Unf,0,736,736,GasA,Gd,Y,SBrkr,736,716,0,1452,0,0,2,0,2,3,TA,8,Typ,0,,,,,0,0,,,N,0,0,102,0,0,0,,,,0,6,2009,New,Partial,119376.22210056528
25,20,RL,,8246,Pave,,IR1,Lvl,AllPub,Inside,Gtl,Sawyer,Norm,Norm,1Fam,1Story,5,8,1968,2001,Gable,CompShg,Plywood,Plywood,None,0.0,TA,Gd,CBlock,TA,TA,Mn,Rec,188,ALQ,668,204,1060,GasA,Ex,Y,SBrkr,1060,0,0,1060,1,0,1,0,3,1,Gd,6,Typ,1,TA,Attchd,1968.0,Unf,1,270,TA,TA,Y,406,90,0,0,0,0,,MnPrv,,0,5,2010,WD,Normal,137849.65810081968
1058,60,RL,,29959,Pave,,IR2,Lvl,AllPub,FR2,Gtl,NoRidge,Norm,Norm,1Fam,2Story,7,6,1994,1994,Gable,CompShg,HdBoard,HdBoard,None,0.0,Gd,TA,PConc,Gd,TA,No,GLQ,595,Unf,0,378,973,GasA,Ex,Y,SBrkr,979,871,0,1850,0,0,2,1,3,1,Gd,7,Typ,1,Gd,BuiltIn,1994.0,Fin,2,467,TA,TA,Y,168,98,0,0,0,0,,,,0,1,2009,WD,Normal,213794.8426193788
24,120,RM,44.0,4224,Pave,,Reg,Lvl,AllPub,Inside,Gtl,MeadowV,Norm,Norm,TwnhsE,1Story,5,7,1976,1976,Gable,CompShg,CemntBd,CmentBd,None,0.0,TA,TA,PConc,Gd,TA,No,GLQ,840,Unf,0,200,1040,GasA,TA,Y,SBrkr,1060,0,0,1060,1,0,1,0,3,1,TA,6,Typ,1,TA,Attchd,1976.0,Unf,2,572,TA,TA,Y,100,110,0,0,0,0,,,,0,6,2007,WD,Normal,140900.6868517809
758,60,RL,,11616,Pave,,IR1,Lvl,AllPub,CulDSac,Gtl,Sawyer,Norm,Norm,1Fam,2Story,6,5,1978,1978,Hip,CompShg,HdBoard,HdBoard,BrkCmn,328.0,TA,TA,CBlock,TA,TA,Mn,Rec,438,Unf,0,234,672,GasA,TA,Y,SBrkr,672,714,0,1386,0,0,2,1,3,1,TA,6,Typ,1,TA,Attchd,1978.0,Fin,2,440,TA,TA,Y,335,0,0,0,0,0,,GdPrv,,0,4,2010,WD,Abnorml,162119.67403241587
1060,50,RL,,11275,Pave,,IR1,HLS,AllPub,Corner,Mod,Crawfor,Norm,Norm,1Fam,1.5Fin,6,7,1932,1950,Gable,CompShg,MetalSd,MetalSd,BrkFace,480.0,TA,TA,CBlock,TA,TA,Mn,Rec,297,LwQ,557,0,854,GasA,TA,Y,SBrkr,1096,895,0,1991,0,0,1,1,3,1,TA,7,Typ,1,Gd,Detchd,1977.0,Unf,2,432,TA,Fa,Y,0,0,19,0,0,0,,,,0,3,2007,WD,Normal,182864.45181073964
1110,20,RL,107.0,11362,Pave,,IR1,Lvl,AllPub,Inside,Gtl,NridgHt,Norm,Norm,1Fam,1Story,8,5,2004,2005,Gable,CompShg,MetalSd,MetalSd,Stone,42.0,Gd,TA,PConc,Ex,TA,Mn,GLQ,1039,Unf,0,797,1836,GasA,Ex,Y,SBrkr,1836,0,0,1836,1,0,2,0,3,1,Gd,7,Typ,1,Gd,Attchd,2004.0,Fin,3,862,TA,TA,Y,125,185,0,0,0,0,,,,0,3,2009,WD,Normal,295448.9183649828
1057,120,RL,43.0,7052,Pave,,IR1,Lvl,AllPub,Inside,Gtl,NridgHt,Norm,Norm,TwnhsE,1Story,7,5,2005,2005,Gable,CompShg,VinylSd,VinylSd,Stone,240.0,Gd,TA,PConc,Gd,TA,Av,GLQ,659,Unf,0,705,1364,GasA,Ex,Y,SBrkr,1364,0,0,1364,1,0,2,0,2,1,Gd,6,Typ,1,Gd,Attchd,2005.0,RFn,2,484,TA,TA,Y,192,36,0,0,0,0,,,,0,6,2006,WD,Normal,209508.2522029271
491,160,RM,,2665,Pave,,Reg,Lvl,AllPub,Inside,Gtl,MeadowV,Norm,Norm,TwnhsE,2Story,5,6,1976,1976,Gable,CompShg,CemntBd,CmentBd,None,0.0,TA,TA,PConc,Gd,TA,Mn,Unf,0,Unf,0,264,264,GasA,TA,Y,SBrkr,616,688,0,1304,0,0,1,1,3,1,TA,4,Typ,1,Gd,BuiltIn,1976.0,Fin,1,336,TA,TA,Y,141,24,0,0,0,0,,,,0,6,2008,WD,Normal,121080.62812688848
378,60,FV,102.0,11143,Pave,,IR1,Lvl,AllPub,Corner,Gtl,Somerst,Norm,Norm,1Fam,2Story,8,5,2004,2005,Gable,CompShg,CemntBd,CmentBd,None,0.0,Gd,TA,PConc,Gd,TA,No,Unf,0,Unf,0,1580,1580,GasA,Ex,Y,SBrkr,1580,886,0,2466,0,0,3,0,4,1,Gd,8,Typ,1,Gd,Attchd,2004.0,RFn,2,610,TA,TA,Y,159,214,0,0,0,0,,,,0,12,2007,WD,Normal,289435.0070106964
1429,30,RM,60.0,7200,Pave,,Reg,Lvl,AllPub,Corner,Gtl,OldTown,Norm,Norm,1Fam,1Story,5,7,1940,1992,Gable,CompShg,MetalSd,MetalSd,Stone,294.0,TA,Gd,CBlock,TA,TA,No,BLQ,510,Unf,0,278,788,GasA,TA,Y,SBrkr,804,0,0,804,1,0,1,0,2,1,Gd,4,Typ,2,Gd,Attchd,1940.0,Unf,1,240,TA,TA,Y,0,0,154,0,0,0,,MnPrv,,0,2,2010,WD,Abnorml,120662.6939769705
55,80,RL,60.0,7134,Pave,,Reg,Bnk,AllPub,Inside,Mod,NAmes,Norm,Norm,1Fam,SLvl,5,5,1955,1955,Gable,CompShg,MetalSd,MetalSd,None,0.0,TA,TA,CBlock,TA,TA,No,ALQ,384,Unf,0,0,384,GasA,TA,Y,SBrkr,1360,0,0,1360,0,0,1,0,3,1,TA,6,Min1,1,TA,Detchd,1962.0,Unf,2,572,TA,TA,Y,0,50,0,0,0,0,,MnPrv,,0,2,2007,WD,Normal,145521.3724357691
770,60,RL,47.0,53504,Pave,,IR2,HLS,AllPub,CulDSac,Mod,StoneBr,Norm,Norm,1Fam,2Story,8,5,2003,2003,Hip,CompShg,CemntBd,Wd Shng,BrkFace,603.0,Ex,TA,PConc,Gd,TA,Gd,ALQ,1416,Unf,0,234,1650,GasA,Ex,Y,SBrkr,1690,1589,0,3279,1,0,3,1,4,1,Ex,12,Mod,1,Gd,BuiltIn,2003.0,Fin,3,841,TA,TA,Y,503,36,0,0,210,0,,,,0,6,2010,WD,Normal,333419.4521233249
737,90,RL,60.0,8544,Pave,,Reg,Lvl,AllPub,Inside,Gtl,NAmes,Norm,Norm,Duplex,1Story,3,4,1950,1950,Gable,CompShg,Stucco,Stone,None,0.0,TA,TA,CBlock,,,,,0,,0,0,0,GasA,Gd,N,FuseF,1040,0,0,1040,0,0,2,0,2,2,TA,6,Typ,0,,Detchd,1949.0,Unf,2,400,TA,TA,Y,0,0,0,0,0,0,,,,0,7,2006,WD,Normal,95125.63116055218
59,60,RL,66.0,13682,Pave,,IR2,HLS,AllPub,CulDSac,Gtl,StoneBr,Norm,Norm,1Fam,2Story,10,5,2006,2006,Hip,CompShg,VinylSd,VinylSd,BrkFace,1031.0,Ex,TA,PConc,Ex,TA,Gd,Unf,0,Unf,0,1410,1410,GasA,Ex,Y,SBrkr,1426,1519,0,2945,0,0,3,1,3,1,Gd,10,Typ,1,Gd,BuiltIn,2006.0,Fin,3,641,TA,TA,Y,192,0,37,0,0,0,,,,0,10,2006,New,Partial,308013.9918556485
29,20,RL,47.0,16321,Pave,,IR1,Lvl,AllPub,CulDSac,Gtl,NAmes,Norm,Norm,1Fam,1Story,5,6,1957,1997,Gable,CompShg,MetalSd,MetalSd,None,0.0,TA,TA,CBlock,TA,TA,Gd,BLQ,1277,Unf,0,207,1484,GasA,TA,Y,SBrkr,1600,0,0,1600,1,0,1,0,2,1,TA,6,Typ,2,Gd,Attchd,1957.0,RFn,1,319,TA,TA,Y,288,258,0,0,0,0,,,,0,12,2006,WD,Normal,158999.1079527084
788,60,RL,76.0,10142,Pave,,IR1,Lvl,AllPub,Inside,Gtl,SawyerW,Norm,Norm,1Fam,2Story,7,5,2004,2004,Gable,CompShg,VinylSd,VinylSd,None,0.0,Gd,TA,PConc,Gd,TA,No,GLQ,656,Unf,0,300,956,GasA,Ex,Y,SBrkr,956,1128,0,2084,1,0,2,1,4,1,Gd,8,Typ,0,,BuiltIn,2004.0,RFn,2,618,TA,TA,Y,0,45,0,0,0,0,,,,0,1,2010,WD,Normal,243666.1362203661
9,50,RM,51.0,6120,Pave,,Reg,Lvl,AllPub,Inside,Gtl,OldTown,Artery,Norm,1Fam,1.5Fin,7,5,1931,1950,Gable,CompShg,BrkFace,Wd Shng,None,0.0,TA,TA,BrkTil,TA,TA,No,Unf,0,Unf,0,952,952,GasA,Gd,Y,FuseF,1022,752,0,1774,0,0,2,0,2,2,TA,8,Min1,2,TA,Detchd,1931.0,Unf,2,468,Fa,TA,Y,90,0,205,0,0,0,,,,0,4,2008,WD,Abnorml,181620.86333713192
1371,50,RL,90.0,5400,Pave,,Reg,Lvl,AllPub,Corner,Gtl,OldTown,Artery,Norm,1Fam,1.5Fin,4,6,1920,1950,Gable,CompShg,CBlock,CBlock,None,0.0,Fa,TA,PConc,TA,TA,No,ALQ,315,Rec,105,420,840,GasA,Ex,Y,SBrkr,840,534,0,1374,0,0,1,0,2,1,TA,6,Typ,0,,Detchd,1967.0,Fin,1,338,TA,TA,Y,0,0,198,0,0,0,,,,0,10,2009,WD,Normal,127953.66918584712
260,20,RM,70.0,12702,Pave,,Reg,Lvl,AllPub,Inside,Gtl,OldTown,Norm,Norm,1Fam,1Story,5,5,1956,1956,Gable,CompShg,BrkFace,BrkFace,None,0.0,TA,TA,PConc,,,,,0,,0,0,0,GasA,Gd,Y,FuseA,882,0,0,882,0,0,1,0,2,1,TA,4,Typ,0,,Detchd,1956.0,Unf,1,308,TA,TA,Y,0,45,0,0,0,0,,,,0,12,2008,WD,Normal,99729.41316288731
249,60,RL,72.0,11317,Pave,,Reg,Lvl,AllPub,Inside,Gtl,CollgCr,Norm,Norm,1Fam,2Story,7,5,2003,2003,Gable,CompShg,VinylSd,VinylSd,BrkFace,101.0,Gd,TA,PConc,Gd,TA,No,Unf,0,Unf,0,840,840,GasA,Ex,Y,SBrkr,840,828,0,1668,0,0,2,1,3,1,Gd,8,Typ,0,,Attchd,2003.0,RFn,2,500,TA,TA,Y,144,68,0,0,0,0,,,,0,9,2007,WD,Normal,198088.35896106352
88,160,FV,40.0,3951,Pave,Pave,Reg,Lvl,AllPub,Corner,Gtl,Somerst,Norm,Norm,TwnhsE,2Story,6,5,2009,2009,Gable,CompShg,VinylSd,VinylSd,Stone,76.0,Gd,TA,PConc,Gd,TA,Av,Unf,0,Unf,0,612,612,GasA,Ex,Y,SBrkr,612,612,0,1224,0,0,2,1,2,1,Gd,4,Typ,0,,Detchd,2009.0,RFn,2,528,TA,TA,Y,0,234,0,0,0,0,,,,0,6,2009,New,Partial,152245.1021679532
893,20,RL,70.0,8414,Pave,,Reg,Lvl,AllPub,Inside,Gtl,Sawyer,Norm,Norm,1Fam,1Story,6,8,1963,2003,Hip,CompShg,HdBoard,HdBoard,None,0.0,TA,TA,CBlock,TA,TA,No,GLQ,663,Unf,0,396,1059,GasA,TA,Y,SBrkr,1068,0,0,1068,0,1,1,0,3,1,TA,6,Typ,0,,Attchd,1963.0,RFn,1,264,TA,TA,Y,192,0,0,0,0,0,,MnPrv,,0,2,2006,WD,Normal,136682.77081490273
803,60,RL,63.0,8199,Pave,,Reg,Lvl,AllPub,Inside,Gtl,CollgCr,Norm,Norm,1Fam,2Story,7,5,2005,2005,Gable,CompShg,WdShing,Wd Shng,None,0.0,Gd,TA,PConc,Gd,TA,Av,GLQ,648,Unf,0,80,728,GasA,Ex,Y,SBrkr,728,728,0,1456,1,0,2,1,3,1,Gd,7,Typ,1,Gd,Attchd,2005.0,Fin,2,410,TA,TA,Y,36,18,0,0,0,0,,,,0,10,2008,WD,Normal,183323.66825127977
901,20,RL,,7340,Pave,,IR1,Lvl,AllPub,Inside,Gtl,NAmes,Norm,Norm,1Fam,1Story,4,6,1971,1971,Gable,CompShg,HdBoard,HdBoard,None,0.0,TA,TA,CBlock,TA,TA,No,ALQ,322,Unf,0,536,858,GasA,TA,Y,SBrkr,858,0,0,858,0,0,1,0,2,1,TA,4,Typ,0,,Detchd,1979.0,Unf,1,684,TA,TA,Y,0,0,0,0,0,0,,,,0,6,2007,WD,Normal,116229.65506045183
1124,20,RL,50.0,9405,Pave,,Reg,Lvl,AllPub,Inside,Gtl,Edwards,Norm,Norm,1Fam,1Story,5,9,1947,2008,Hip,CompShg,VinylSd,VinylSd,None,0.0,TA,Ex,CBlock,TA,TA,No,Unf,0,Unf,0,698,698,GasA,Ex,Y,SBrkr,698,0,0,698,0,1,1,0,2,1,TA,4,Typ,0,,,,,0,0,,,Y,0,200,0,0,0,0,,,,0,6,2009,WD,Normal,91224.7272127375
223,60,RL,85.0,11475,Pave,,Reg,Lvl,AllPub,Inside,Gtl,NWAmes,RRAn,Norm,1Fam,2Story,6,6,1975,1975,Gable,CompShg,VinylSd,VinylSd,None,0.0,TA,TA,CBlock,Gd,TA,No,ALQ,550,Unf,0,163,713,GasA,TA,Y,SBrkr,811,741,0,1552,1,0,2,1,3,1,TA,6,Typ,1,TA,Attchd,1975.0,RFn,2,434,TA,TA,Y,209,208,0,0,0,0,,MnPrv,,0,2,2006,WD,Normal,174333.51765677144
1278,80,RL,,17871,Pave,,IR1,Lvl,AllPub,CulDSac,Gtl,NWAmes,Norm,Norm,1Fam,SLvl,6,5,1967,1976,Gable,CompShg,HdBoard,HdBoard,BrkFace,359.0,TA,TA,CBlock,Gd,TA,Av,ALQ,528,Unf,0,1152,1680,GasA,Fa,Y,SBrkr,1724,0,0,1724,1,0,1,1,3,1,TA,7,Typ,1,Gd,Attchd,1967.0,RFn,2,480,TA,TA,Y,0,0,0,0,0,0,,,,0,6,2009,WD,Normal,187788.03713286907
1174,50,RL,138.0,18030,Pave,,IR1,Bnk,AllPub,Inside,Gtl,ClearCr,Norm,Norm,1Fam,1.5Fin,5,6,1946,1994,Gable,CompShg,MetalSd,MetalSd,None,0.0,TA,TA,CBlock,TA,TA,No,Rec,152,BLQ,469,977,1598,GasA,TA,Y,SBrkr,1636,971,479,3086,0,0,3,0,3,1,Ex,12,Maj1,1,Gd,,,,0,0,,,Y,122,0,0,0,0,0,,MnPrv,,0,3,2007,WD,Normal,155992.9881336717
312,20,RL,50.0,8000,Pave,,Reg,Lvl,AllPub,Inside,Gtl,NAmes,Norm,Norm,1Fam,1Story,6,6,1948,2002,Gable,CompShg,VinylSd,VinylSd,None,0.0,TA,Gd,CBlock,TA,TA,No,ALQ,680,Unf,0,292,972,GasA,Ex,Y,SBrkr,972,0,0,972,1,0,1,0,2,1,TA,5,Typ,1,Gd,Detchd,1948.0,Unf,1,240,TA,TA,Y,0,0,0,0,0,0,,,,0,5,2009,WD,Normal,125534.68025167272
624,160,FV,,2117,Pave,,Reg,Lvl,AllPub,Inside,Gtl,Somerst,Norm,Norm,TwnhsE,2Story,6,5,2000,2000,Gable,CompShg,MetalSd,MetalSd,BrkFace,513.0,Gd,TA,PConc,Gd,TA,No,GLQ,420,Unf,0,336,756,GasA,Ex,Y,SBrkr,756,756,0,1512,0,0,2,1,2,1,Gd,4,Typ,1,TA,Detchd,2000.0,Unf,2,440,TA,TA,Y,0,32,0,0,0,0,,,,0,6,2007,WD,Normal,171411.72376732825
1445,20,RL,63.0,8500,Pave,,Reg,Lvl,AllPub,FR2,Gtl,CollgCr,Norm,Norm,1Fam,1Story,7,5,2004,2004,Gable,CompShg,VinylSd,VinylSd,BrkFace,106.0,Gd,TA,PConc,Gd,TA,Av,Unf,0,Unf,0,1422,1422,GasA,Ex,Y,SBrkr,1422,0,0,1422,0,0,2,0,3,1,Gd,7,Typ,0,,Attchd,2004.0,RFn,2,626,TA,TA,Y,192,60,0,0,0,0,,,,0,11,2007,WD,Normal,209503.74670446367
296,80,RL,37.0,7937,Pave,,IR1,Lvl,AllPub,CulDSac,Gtl,Mitchel,Norm,Norm,1Fam,SLvl,6,6,1984,1984,Gable,CompShg,HdBoard,HdBoard,None,0.0,TA,TA,CBlock,TA,TA,Av,GLQ,819,Unf,0,184,1003,GasA,TA,Y,SBrkr,1003,0,0,1003,1,0,1,0,3,1,TA,6,Typ,0,,Detchd,1984.0,Unf,2,588,TA,TA,Y,120,0,0,0,0,0,,GdPrv,,0,3,2006,WD,Normal,137708.62538630408
753,20,RL,79.0,9236,Pave,,IR1,Lvl,AllPub,Inside,Gtl,CollgCr,Norm,Norm,1Fam,1Story,6,5,1997,1997,Gable,CompShg,VinylSd,VinylSd,None,0.0,TA,Gd,PConc,Gd,TA,Gd,GLQ,1200,Unf,0,279,1479,GasA,Ex,Y,SBrkr,1494,0,0,1494,1,0,2,0,3,1,Gd,6,Typ,0,,Attchd,1997.0,RFn,2,576,TA,TA,Y,168,27,0,0,0,0,,,,0,7,2006,WD,Normal,191938.22731127462
1320,20,RL,75.0,10215,Pave,,Reg,Bnk,AllPub,Inside,Gtl,Edwards,Norm,Norm,1Fam,1Story,4,5,1954,1954,Hip,CompShg,Wd Sdng,Wd Sdng,BrkFace,132.0,TA,TA,PConc,TA,TA,No,ALQ,492,Unf,0,372,864,GasA,Ex,Y,SBrkr,948,0,0,948,0,0,1,0,3,1,TA,5,Typ,0,,Attchd,1954.0,Unf,1,248,TA,TA,Y,0,0,0,0,0,0,,,,0,2,2007,WD,Normal,120229.24624781107
432,50,RM,60.0,5586,Pave,,IR1,Bnk,AllPub,Inside,Gtl,OldTown,Feedr,Norm,1Fam,1.5Fin,6,7,1920,1998,Gable,CompShg,MetalSd,MetalSd,None,0.0,TA,TA,BrkTil,TA,TA,No,Unf,0,Unf,0,901,901,GasA,Gd,Y,SBrkr,1088,110,0,1198,0,0,1,0,4,1,TA,7,Typ,0,,,,,0,0,,,N,0,98,0,0,0,0,,MnPrv,,0,9,2008,ConLD,Abnorml,109389.75068455326
1362,20,RL,124.0,16158,Pave,,IR1,Low,AllPub,Inside,Mod,StoneBr,Norm,Norm,1Fam,1Story,7,5,2005,2005,Hip,CompShg,VinylSd,VinylSd,Stone,16.0,Gd,TA,PConc,Ex,TA,Av,ALQ,1274,Unf,0,256,1530,GasA,Ex,Y,SBrkr,1530,0,0,1530,1,0,2,0,3,1,Gd,7,Typ,1,Gd,Attchd,2005.0,Fin,2,430,TA,TA,Y,168,36,0,0,0,0,,,,0,6,2009,WD,Normal,249510.41429031934
1069,160,RM,42.0,3964,Pave,,Reg,Lvl,AllPub,Inside,Gtl,MeadowV,Norm,Norm,TwnhsE,2Story,6,4,1973,1973,Gable,CompShg,CemntBd,CmentBd,None,0.0,TA,TA,CBlock,Gd,TA,No,ALQ,837,Unf,0,105,942,GasA,Gd,Y,SBrkr,1291,1230,0,2521,1,0,2,1,5,1,TA,10,Maj1,1,Gd,Attchd,1973.0,Fin,2,576,TA,TA,Y,728,20,0,0,0,0,,GdPrv,,0,6,2006,WD,Normal,198207.8842732608
1255,60,RL,60.0,6931,Pave,,Reg,Lvl,AllPub,Inside,Gtl,Edwards,Norm,Norm,1Fam,2Story,7,5,2003,2004,Gable,CompShg,VinylSd,VinylSd,Stone,92.0,Gd,TA,PConc,Gd,TA,No,Unf,0,Unf,0,746,746,GasA,Ex,Y,SBrkr,760,896,0,1656,0,0,2,1,3,1,Gd,7,Typ,1,Gd,BuiltIn,2003.0,Fin,2,397,TA,TA,Y,178,128,0,0,0,0,,,,0,7,2008,WD,Normal,187272.1971178502
50,20,RL,66.0,7742,Pave,,Reg,Lvl,AllPub,Inside,Gtl,Sawyer,Norm,Norm,1Fam,1Story,5,7,1966,1966,Gable,CompShg,HdBoard,HdBoard,None,0.0,TA,TA,CBlock,TA,TA,No,BLQ,763,Unf,0,192,955,GasA,Ex,Y,SBrkr,955,0,0,955,1,0,1,0,3,1,TA,6,Typ,0,,Attchd,1966.0,Unf,1,386,TA,TA,Y,0,0,0,0,0,0,,MnPrv,,0,1,2007,WD,Normal,128565.84594841792
454,60,FV,75.0,9000,Pave,,Reg,Lvl,AllPub,Inside,Gtl,Somerst,Norm,Norm,1Fam,2Story,8,5,2008,2008,Gable,CompShg,VinylSd,VinylSd,None,0.0,Gd,TA,PConc,Gd,TA,No,Unf,0,Unf,0,768,768,GasA,Ex,Y,SBrkr,786,804,0,1590,0,0,2,1,3,1,Gd,6,Typ,0,,Attchd,2008.0,RFn,2,676,TA,TA,Y,0,30,0,0,0,0,,,,0,6,2009,WD,Normal,223572.37601110284
881,20,RL,60.0,7024,Pave,,Reg,Lvl,AllPub,Inside,Gtl,Edwards,Norm,Norm,1Fam,1Story,5,5,2005,2006,Gable,CompShg,VinylSd,VinylSd,None,0.0,TA,TA,PConc,Ex,Gd,No,ALQ,980,Unf,0,110,1090,GasA,Gd,Y,SBrkr,1090,0,0,1090,1,0,1,1,2,1,TA,5,Typ,0,,Attchd,2005.0,Fin,2,450,TA,TA,Y,0,49,0,0,0,0,,,,0,6,2007,WD,Normal,153101.67616211265
500,20,RL,70.0,7535,Pave,,IR1,Lvl,AllPub,Inside,Gtl,NAmes,Norm,Norm,1Fam,1Story,5,7,1958,1985,Gable,CompShg,MetalSd,MetalSd,None,0.0,TA,TA,CBlock,TA,TA,No,BLQ,111,LwQ,279,522,912,GasA,Fa,Y,SBrkr,912,0,0,912,0,1,1,0,2,1,TA,5,Typ,0,,Attchd,1958.0,Fin,1,297,TA,TA,Y,12,285,0,0,0,0,,MnWw,Shed,480,6,2007,WD,Normal,123504.20136418076
807,80,RL,75.0,9750,Pave,,Reg,Lvl,AllPub,Inside,Gtl,NAmes,Norm,Norm,1Fam,SLvl,5,5,1967,1967,Gable,CompShg,VinylSd,VinylSd,None,0.0,TA,TA,PConc,TA,TA,Av,ALQ,400,Rec,480,100,980,GasA,Gd,Y,SBrkr,980,0,0,980,0,0,2,0,3,1,TA,6,Typ,0,,Attchd,1967.0,Fin,1,384,TA,TA,Y,68,0,0,0,0,0,,,,0,10,2006,WD,Normal,129424.88417353453
766,20,RL,75.0,14587,Pave,,IR1,Lvl,AllPub,Inside,Gtl,Somerst,Norm,Norm,1Fam,1Story,9,5,2008,2008,Gable,CompShg,VinylSd,VinylSd,Stone,284.0,Gd,TA,PConc,Gd,TA,No,Unf,0,Unf,0,1498,1498,GasA,Ex,Y,SBrkr,1506,0,0,1506,0,0,2,0,2,1,Ex,6,Typ,1,Gd,Attchd,2008.0,Fin,2,592,TA,TA,Y,0,174,0,0,0,0,,,,0,8,2008,New,Partial,247283.23549964835
866,20,RL,,8750,Pave,,IR1,Lvl,AllPub,Inside,Gtl,NAmes,Norm,Norm,1Fam,1Story,5,6,1970,1970,Gable,CompShg,MetalSd,MetalSd,BrkFace,76.0,TA,TA,CBlock,TA,TA,No,BLQ,828,Unf,0,174,1002,GasA,TA,Y,SBrkr,1002,0,0,1002,1,0,1,0,3,1,TA,5,Typ,0,,Detchd,1973.0,Unf,2,902,TA,TA,Y,0,0,0,0,0,0,,MnPrv,,0,8,2009,WD,Normal,131301.12563325596
162,60,RL,110.0,13688,Pave,,IR1,Lvl,AllPub,Inside,Gtl,NridgHt,Norm,Norm,1Fam,2Story,9,5,2003,2004,Gable,CompShg,VinylSd,VinylSd,BrkFace,664.0,Gd,TA,PConc,Ex,TA,Av,GLQ,1016,Unf,0,556,1572,GasA,Ex,Y,SBrkr,1572,1096,0,2668,1,0,2,1,3,1,Ex,10,Typ,2,Gd,BuiltIn,2003.0,Fin,3,726,TA,TA,Y,400,0,0,0,0,0,,,,0,3,2008,WD,Normal,353116.9807982781
1193,50,RM,60.0,9600,Pave,Grvl,Reg,Lvl,AllPub,Inside,Gtl,OldTown,Norm,Norm,1Fam,1.5Fin,5,8,1925,1994,Gambrel,CompShg,VinylSd,VinylSd,None,0.0,TA,TA,PConc,TA,TA,Mn,Unf,0,Unf,0,702,702,GasA,Gd,Y,SBrkr,842,630,0,1472,0,0,1,0,3,1,Gd,6,Typ,0,,Detchd,1925.0,Unf,1,250,TA,Fa,P,0,0,84,0,0,0,,GdWo,,0,7,2007,WD,Normal,132816.17214833642
798,20,RL,57.0,7677,Pave,,Reg,Lvl,AllPub,Inside,Gtl,NAmes,Norm,Norm,1Fam,1Story,5,5,1953,1953,Gable,CompShg,VinylSd,VinylSd,None,0.0,TA,TA,CBlock,TA,TA,No,BLQ,570,Unf,0,203,773,GasA,Gd,Y,SBrkr,773,0,0,773,0,0,1,0,2,1,TA,4,Typ,0,,Attchd,1953.0,Unf,1,240,TA,TA,Y,0,0,0,0,0,0,,,,0,4,2008,WD,Abnorml,114068.23621688738
1400,50,RL,51.0,6171,Pave,,Reg,Lvl,AllPub,Inside,Gtl,SWISU,Norm,Norm,1Fam,1.5Fin,6,6,1925,1990,Gable,CompShg,WdShing,Wd Shng,None,0.0,TA,TA,BrkTil,TA,TA,No,BLQ,264,Unf,0,712,976,GasA,Ex,Y,SBrkr,1160,448,0,1608,0,0,2,1,3,1,Gd,7,Typ,1,Gd,Detchd,1925.0,Unf,1,216,Fa,TA,Y,147,16,0,0,0,0,,MnPrv,,0,10,2009,WD,Normal,142989.9841692971
6,50,RL,85.0,14115,Pave,,IR1,Lvl,AllPub,Inside,Gtl,Mitchel,Norm,Norm,1Fam,1.5Fin,5,5,1993,1995,Gable,CompShg,VinylSd,VinylSd,None,0.0,TA,TA,Wood,Gd,TA,No,GLQ,732,Unf,0,64,796,GasA,Ex,Y,SBrkr,796,566,0,1362,1,0,1,1,1,1,TA,5,Typ,0,,Attchd,1993.0,Unf,2,480,TA,TA,Y,40,30,0,320,0,0,,MnPrv,Shed,700,10,2009,WD,Normal,164220.194586524
58,60,RL,89.0,11645,Pave,,IR1,Lvl,AllPub,Corner,Gtl,CollgCr,Norm,Norm,1Fam,2Story,7,5,2004,2004,Gable,CompShg,VinylSd,VinylSd,None,0.0,Gd,TA,PConc,Gd,TA,No,Unf,0,Unf,0,860,860,GasA,Ex,Y,SBrkr,860,860,0,1720,0,0,2,1,3,1,Gd,7,Typ,0,,Attchd,2004.0,RFn,2,565,TA,TA,Y,0,70,0,0,0,0,,,,0,8,2006,WD,Normal,208070.2959289535
1435,20,RL,80.0,17400,Pave,,Reg,Low,AllPub,Inside,Mod,Mitchel,Norm,Norm,1Fam,1Story,5,5,1977,1977,Gable,CompShg,BrkFace,BrkFace,None,0.0,TA,TA,CBlock,TA,TA,No,ALQ,936,Unf,0,190,1126,GasA,Fa,Y,SBrkr,1126,0,0,1126,1,0,2,0,3,1,TA,5,Typ,1,Gd,Attchd,1977.0,RFn,2,484,TA,TA,P,295,41,0,0,0,0,,,,0,5,2006,WD,Normal,153846.6066261439
867,20,RL,67.0,10656,Pave,,IR1,HLS,AllPub,Inside,Gtl,Timber,Norm,Norm,1Fam,1Story,8,5,2006,2007,Gable,CompShg,VinylSd,VinylSd,Stone,274.0,Gd,TA,PConc,Gd,TA,Av,Unf,0,Unf,0,1638,1638,GasA,Ex,Y,SBrkr,1646,0,0,1646,0,0,2,0,3,1,Gd,6,Typ,1,Gd,Attchd,2007.0,RFn,3,870,TA,TA,Y,192,80,0,0,0,0,,,,0,11,2007,New,Partial,238596.81205032623
960,160,FV,24.0,2572,Pave,,Reg,Lvl,AllPub,FR2,Gtl,Somerst,Norm,Norm,Twnhs,2Story,7,5,1999,1999,Hip,CompShg,MetalSd,MetalSd,None,0.0,Gd,TA,PConc,Gd,TA,No,ALQ,604,Unf,0,92,696,GasA,Ex,Y,SBrkr,696,720,0,1416,1,0,2,1,3,1,Gd,6,Typ,0,,Detchd,1999.0,Unf,2,484,TA,TA,Y,0,44,0,0,0,0,,,,0,5,2010,WD,Normal,166045.82567963394
441,20,RL,105.0,15431,Pave,,Reg,Lvl,AllPub,Inside,Gtl,NridgHt,Norm,Norm,1Fam,1Story,10,5,2008,2008,Hip,CompShg,VinylSd,VinylSd,Stone,200.0,Ex,TA,PConc,Ex,TA,Gd,GLQ,1767,ALQ,539,788,3094,GasA,Ex,Y,SBrkr,2402,0,0,2402,1,0,2,0,2,1,Ex,10,Typ,2,Gd,Attchd,2008.0,Fin,3,672,TA,TA,Y,0,72,0,0,170,0,,,,0,4,2009,WD,Normal,357607.75952913566
481,20,RL,98.0,16033,Pave,,IR1,Lvl,AllPub,FR2,Gtl,NridgHt,Norm,Norm,1Fam,1Story,9,5,2004,2005,Hip,CompShg,VinylSd,VinylSd,BrkFace,378.0,Gd,TA,PConc,Ex,TA,Gd,GLQ,1261,Unf,0,572,1833,GasA,Ex,Y,SBrkr,1850,0,0,1850,1,0,2,0,3,1,Gd,8,Typ,1,Gd,Attchd,2004.0,Fin,3,772,TA,TA,Y,519,112,0,0,0,0,,,,0,3,2006,WD,Normal,337094.102479297
219,50,RL,,15660,Pave,,IR1,Lvl,AllPub,Corner,Gtl,Crawfor,Norm,Norm,1Fam,1.5Fin,7,9,1939,2006,Gable,CompShg,VinylSd,VinylSd,BrkFace,312.0,Gd,Gd,CBlock,TA,TA,No,BLQ,341,Unf,0,457,798,GasA,Ex,Y,SBrkr,1137,817,0,1954,0,1,1,1,3,1,Gd,8,Typ,2,TA,Attchd,1939.0,Unf,2,431,TA,TA,Y,0,119,150,0,0,0,,,,0,5,2008,WD,Normal,212027.09976323036
128,45,RM,55.0,4388,Pave,,IR1,Bnk,AllPub,Inside,Gtl,OldTown,Feedr,Norm,1Fam,1.5Unf,5,7,1930,1950,Gable,CompShg,WdShing,Wd Sdng,None,0.0,TA,Gd,BrkTil,TA,TA,No,LwQ,116,Unf,0,556,672,GasA,Ex,Y,SBrkr,840,0,0,840,0,0,1,0,3,1,TA,5,Typ,1,TA,,,,0,0,,,N,0,0,0,0,0,0,,,,0,6,2007,WD,Normal,93958.37551223024
858,60,RL,65.0,8125,Pave,,Reg,Lvl,AllPub,Inside,Gtl,Gilbert,Norm,Norm,1Fam,2Story,6,5,1994,1995,Gable,CompShg,HdBoard,HdBoard,None,0.0,TA,TA,PConc,Gd,TA,No,Unf,0,Unf,0,702,702,GasA,Gd,Y,SBrkr,702,779,0,1481,0,0,2,1,3,1,TA,6,Typ,1,TA,Attchd,1994.0,Fin,2,343,TA,TA,Y,0,36,0,0,0,0,,,,0,3,2009,WD,Normal,170548.11781575042
215,60,RL,,10900,Pave,,IR1,Lvl,AllPub,FR2,Gtl,CollgCr,Norm,Norm,1Fam,2Story,6,7,1977,1977,Gable,CompShg,HdBoard,HdBoard,BrkFace,153.0,TA,TA,CBlock,Gd,TA,No,GLQ,378,Unf,0,311,689,GasA,Ex,Y,SBrkr,689,703,0,1392,0,0,1,1,3,1,TA,6,Typ,0,,Attchd,1977.0,Fin,1,299,TA,TA,Y,0,36,0,0,0,0,,MnPrv,Shed,450,3,2010,WD,Normal,149169.1366567016
1030,160,RM,21.0,1680,Pave,,Reg,Lvl,AllPub,Inside,Gtl,BrDale,Norm,Norm,Twnhs,2Story,6,7,1972,1972,Gable,CompShg,HdBoard,HdBoard,BrkFace,281.0,TA,TA,CBlock,TA,TA,No,BLQ,317,Unf,0,355,672,GasA,Gd,Y,SBrkr,672,546,0,1218,0,1,1,1,3,1,TA,7,Typ,0,,Detchd,1972.0,Unf,1,264,TA,TA,Y,0,28,0,0,0,0,,,,0,5,2006,WD,Normal,116390.40657848194
1204,20,RL,75.0,9750,Pave,,Reg,Lvl,AllPub,Inside,Gtl,CollgCr,Norm,Norm,1Fam,1Story,7,5,2000,2001,Gable,CompShg,VinylSd,VinylSd,BrkFace,171.0,Gd,TA,PConc,Gd,TA,No,Unf,0,Unf,0,1630,1630,GasA,Ex,Y,SBrkr,1630,0,0,1630,0,0,2,0,3,1,Gd,6,Typ,1,TA,Attchd,2000.0,Unf,2,451,TA,TA,Y,74,234,0,0,0,0,,,,0,10,2009,WD,Normal,222138.8702835191
531,80,RL,85.0,10200,Pave,,Reg,Lvl,AllPub,Inside,Gtl,Timber,Norm,Norm,1Fam,SLvl,6,5,1988,1989,Gable,CompShg,HdBoard,HdBoard,BrkFace,219.0,Gd,TA,CBlock,Gd,TA,Av,GLQ,783,Unf,0,678,1461,GasA,Ex,Y,SBrkr,1509,0,0,1509,1,0,2,0,3,1,Gd,5,Typ,1,Fa,Attchd,1988.0,RFn,2,600,TA,TA,Y,224,0,0,0,0,0,,,,0,8,2008,WD,Abnorml,183172.8933478414
529,30,RL,58.0,9098,Pave,,IR1,Lvl,AllPub,Inside,Gtl,Edwards,Norm,Norm,1Fam,1Story,4,7,1920,2002,Gable,CompShg,Wd Sdng,Wd Sdng,None,0.0,TA,TA,BrkTil,TA,TA,Mn,ALQ,348,Unf,0,180,528,GasA,Ex,Y,SBrkr,605,0,0,605,1,0,1,0,2,1,TA,5,Typ,0,,,,,0,0,,,N,0,0,144,0,0,0,,,,0,7,2007,WD,Normal,84593.92064394213
346,50,RL,65.0,6435,Pave,,Reg,Lvl,AllPub,Inside,Gtl,BrkSide,RRAn,Norm,1Fam,1.5Fin,6,5,1939,1950,Gable,CompShg,MetalSd,MetalSd,None,0.0,TA,TA,BrkTil,TA,TA,No,Unf,0,Unf,0,972,972,GasA,Gd,Y,SBrkr,972,605,0,1577,0,0,1,0,3,1,Fa,6,Typ,1,Gd,Detchd,1939.0,Unf,1,312,TA,TA,Y,0,0,0,0,0,0,,,,0,10,2006,WD,Normal,135956.96695069908
621,30,RL,45.0,8248,Pave,Grvl,Reg,Lvl,AllPub,Inside,Gtl,Edwards,Norm,Norm,1Fam,1Story,3,3,1914,1950,Gable,CompShg,Stucco,Stucco,None,0.0,TA,TA,BrkTil,TA,TA,No,BLQ,41,Unf,0,823,864,GasA,TA,N,FuseF,864,0,0,864,1,0,1,0,2,1,TA,5,Typ,0,,,,,0,0,,,N,0,0,100,0,0,0,,,,0,9,2008,WD,Normal,86748.28002978585
1194,120,RM,,4500,Pave,,Reg,Lvl,AllPub,FR2,Gtl,Mitchel,Norm,Norm,TwnhsE,1Story,6,5,1999,1999,Hip,CompShg,VinylSd,VinylSd,BrkFace,425.0,TA,TA,PConc,Ex,TA,No,GLQ,883,Unf,0,341,1224,GasA,Ex,Y,SBrkr,1224,0,0,1224,1,0,2,0,2,1,TA,5,Typ,0,,Attchd,1999.0,Fin,2,402,TA,TA,Y,0,304,0,0,0,0,,,,0,6,2009,WD,Normal,172245.85455694978
1000,20,RL,64.0,6762,Pave,,Reg,Lvl,AllPub,Inside,Gtl,CollgCr,Norm,Norm,1Fam,1Story,7,5,2006,2006,Gable,CompShg,VinylSd,VinylSd,Stone,24.0,Gd,TA,PConc,Gd,TA,Av,GLQ,686,Unf,0,501,1187,GasA,Ex,Y,SBrkr,1208,0,0,1208,1,0,2,0,2,1,Gd,6,Typ,0,,Attchd,2006.0,RFn,2,632,TA,TA,Y,105,61,0,0,0,0,,,,0,2,2010,WD,Normal,193227.01169576083
761,20,RL,70.0,9100,Pave,,Reg,Lvl,AllPub,Inside,Gtl,NAmes,Norm,Norm,1Fam,1Story,6,6,1959,1959,Hip,CompShg,Wd Sdng,Wd Sdng,None,0.0,TA,TA,CBlock,TA,TA,No,Rec,612,Unf,0,252,864,GasA,Ex,Y,SBrkr,864,0,0,864,0,0,1,0,2,1,TA,5,Typ,0,,Detchd,2008.0,Unf,1,300,Ex,Ex,Y,0,0,0,0,0,0,,,Shed,450,10,2009,WD,Normal,119833.29098456913
1351,90,RL,91.0,11643,Pave,,Reg,Lvl,AllPub,Inside,Gtl,NAmes,Artery,Norm,Duplex,2Story,5,5,1969,1969,Gable,CompShg,MetalSd,MetalSd,BrkFace,368.0,TA,TA,CBlock,TA,TA,No,LwQ,500,Unf,0,748,1248,GasA,TA,Y,SBrkr,1338,1296,0,2634,1,1,2,2,6,2,TA,12,Typ,0,,Detchd,1969.0,Unf,4,968,TA,TA,Y,0,0,0,0,0,0,,,,0,8,2009,WD,Normal,156177.7201015062
1442,120,RM,,4426,Pave,,Reg,Lvl,AllPub,Inside,Gtl,CollgCr,Norm,Norm,TwnhsE,1Story,6,5,2004,2004,Gable,CompShg,VinylSd,VinylSd,BrkFace,147.0,Gd,TA,PConc,Gd,TA,Av,GLQ,697,Unf,0,151,848,GasA,Ex,Y,SBrkr,848,0,0,848,1,0,1,0,1,1,Gd,3,Typ,1,TA,Attchd,2004.0,RFn,2,420,TA,TA,Y,149,0,0,0,0,0,,,,0,5,2008,WD,Normal,143847.20202848353
233,160,RM,21.0,1680,Pave,,Reg,Lvl,AllPub,Inside,Gtl,BrDale,Norm,Norm,Twnhs,2Story,6,5,1972,1972,Gable,CompShg,HdBoard,HdBoard,BrkFace,297.0,TA,TA,CBlock,TA,TA,No,Unf,0,Unf,0,483,483,GasA,TA,Y,SBrkr,483,504,0,987,0,0,1,1,2,1,TA,5,Typ,1,Po,Attchd,1972.0,Unf,1,288,TA,TA,Y,0,0,0,0,0,0,,,,0,6,2006,WD,Normal,98367.97655672416
360,60,RL,78.0,12011,Pave,,IR1,Lvl,AllPub,CulDSac,Gtl,NoRidge,Norm,Norm,1Fam,2Story,8,5,1998,1998,Gable,CompShg,VinylSd,VinylSd,BrkFace,530.0,Gd,TA,PConc,Gd,TA,Av,GLQ,956,Unf,0,130,1086,GasA,Ex,Y,SBrkr,1086,838,0,1924,1,0,2,1,3,1,Gd,7,Typ,1,TA,Attchd,1998.0,RFn,2,592,TA,TA,Y,208,75,0,0,374,0,,,,0,6,2006,WD,Normal,256334.01336937622
886,120,FV,50.0,5119,Pave,,IR1,Lvl,AllPub,CulDSac,Gtl,Somerst,Norm,Norm,TwnhsE,1Story,9,5,1999,2000,Gable,CompShg,MetalSd,MetalSd,BrkFace,60.0,Gd,TA,PConc,Ex,TA,Av,GLQ,1238,Unf,0,460,1698,GasA,Ex,Y,SBrkr,1709,0,0,1709,1,0,2,0,2,1,Gd,5,Typ,1,TA,Attchd,1999.0,Fin,2,506,TA,TA,Y,97,65,0,0,0,0,,,,0,1,2008,CWD,Abnorml,279853.2413091687
11,20,RL,70.0,11200,Pave,,Reg,Lvl,AllPub,Inside,Gtl,Sawyer,Norm,Norm,1Fam,1Story,5,5,1965,1965,Hip,CompShg,HdBoard,HdBoard,None,0.0,TA,TA,CBlock,TA,TA,No,Rec,906,Unf,0,134,1040,GasA,Ex,Y,SBrkr,1040,0,0,1040,1,0,1,0,3,1,TA,5,Typ,0,,Detchd,1965.0,Unf,1,384,TA,TA,Y,0,0,0,0,0,0,,,,0,2,2008,WD,Normal,127594.05293705242
572,20,RL,60.0,7332,Pave,,Reg,Lvl,AllPub,Inside,Gtl,NAmes,Norm,Norm,1Fam,1Story,6,6,1959,1959,Gable,CompShg,WdShing,Wd Shng,BrkFace,207.0,TA,TA,CBlock,TA,TA,No,BLQ,414,Unf,0,450,864,GasA,Ex,Y,SBrkr,864,0,0,864,1,0,1,0,2,1,Gd,4,Typ,0,,Attchd,1959.0,Unf,1,288,TA,TA,Y,168,0,0,0,0,0,,,,0,10,2006,WD,Abnorml,122497.72873420043
1375,60,FV,85.0,10625,Pave,,Reg,Lvl,AllPub,Inside,Gtl,Somerst,Norm,Norm,1Fam,2Story,7,5,2005,2005,Gable,CompShg,CemntBd,CmentBd,None,0.0,Gd,TA,PConc,Gd,TA,No,Unf,0,Unf,0,1026,1026,GasA,Ex,Y,SBrkr,1026,932,0,1958,0,0,2,1,3,1,Gd,9,Typ,1,Gd,Attchd,2005.0,Fin,3,936,TA,TA,Y,154,210,0,0,0,0,,,,0,7,2008,WD,Normal,259520.55857506252
328,20,RL,80.0,11600,Pave,,Reg,Lvl,AllPub,Inside,Gtl,NAmes,Norm,Norm,1Fam,1Story,6,5,1960,1960,Hip,CompShg,Wd Sdng,Wd Sdng,BrkFace,175.0,TA,TA,CBlock,TA,TA,No,Rec,565,Unf,0,818,1383,GasA,TA,Y,SBrkr,1383,0,0,1383,0,0,1,1,3,1,TA,7,Typ,0,,Attchd,1960.0,RFn,1,292,TA,TA,Y,0,45,0,0,0,0,,,,0,4,2006,WD,Normal,152799.84084014405
1417,190,RM,60.0,11340,Pave,,Reg,Lvl,AllPub,Inside,Gtl,OldTown,Norm,Norm,2fmCon,2Story,4,6,1885,1950,Gable,CompShg,VinylSd,AsbShng,None,0.0,TA,TA,PConc,TA,TA,No,Unf,0,Unf,0,777,777,GasA,Gd,Y,SBrkr,1246,1044,0,2290,0,0,2,0,4,2,TA,11,Typ,0,,Detchd,1971.0,Unf,2,560,TA,TA,N,0,0,114,0,0,0,,,,0,4,2010,WD,Normal,133524.00455600402
1089,160,RM,24.0,2522,Pave,,Reg,Lvl,AllPub,Inside,Gtl,Edwards,Norm,Norm,Twnhs,2Story,7,5,2004,2004,Gable,CompShg,VinylSd,VinylSd,Stone,50.0,Gd,TA,PConc,Gd,TA,No,Unf,0,Unf,0,970,970,GasA,Ex,Y,SBrkr,970,739,0,1709,0,0,2,0,3,1,Gd,7,Maj1,0,,Detchd,2004.0,Unf,2,380,TA,TA,Y,0,40,0,0,0,0,,,,0,4,2006,WD,Normal,171991.68366452638
242,30,RM,40.0,3880,Pave,,Reg,Lvl,AllPub,Inside,Gtl,OldTown,Norm,Norm,1Fam,1Story,5,9,1945,1997,Gable,CompShg,VinylSd,VinylSd,None,0.0,TA,Gd,CBlock,TA,TA,No,ALQ,329,Unf,0,357,686,GasA,Gd,Y,SBrkr,866,0,0,866,0,0,1,0,2,1,Gd,4,Typ,0,,,,,0,0,,,Y,58,42,0,0,0,0,,,,0,8,2007,WD,Normal,98668.53739602436
1198,75,RM,65.0,8850,Pave,,IR1,Bnk,AllPub,Corner,Gtl,OldTown,Norm,Norm,1Fam,2.5Unf,7,6,1916,1950,Gable,CompShg,MetalSd,MetalSd,None,0.0,TA,TA,BrkTil,TA,TA,No,Unf,0,Unf,0,815,815,GasA,Ex,Y,SBrkr,815,875,0,1690,0,0,1,0,3,1,TA,7,Typ,1,Gd,Detchd,1916.0,Unf,1,225,TA,TA,Y,0,0,330,0,0,0,,,,0,7,2006,ConLw,Normal,179681.35045413813
492,50,RL,79.0,9490,Pave,,Reg,Lvl,AllPub,Inside,Gtl,NAmes,Artery,Norm,1Fam,1.5Fin,6,7,1941,1950,Gable,CompShg,Wd Sdng,Wd Sdng,None,0.0,TA,TA,CBlock,TA,TA,No,BLQ,403,Rec,165,238,806,GasA,TA,Y,FuseA,958,620,0,1578,1,0,1,0,3,1,Fa,5,Typ,2,TA,Attchd,1941.0,Unf,1,240,TA,TA,Y,0,0,32,0,0,0,,MnPrv,,0,8,2006,WD,Normal,144283.50347582842
743,20,RL,65.0,8450,Pave,,Reg,Lvl,AllPub,Inside,Gtl,SawyerW,Norm,Norm,1Fam,1Story,7,5,2000,2001,Gable,CompShg,VinylSd,VinylSd,BrkFace,108.0,TA,TA,PConc,Gd,TA,No,Unf,0,Unf,0,1349,1349,GasA,Ex,Y,SBrkr,1349,0,0,1349,0,0,2,0,3,1,TA,6,Typ,0,,Attchd,2000.0,Unf,2,539,TA,TA,Y,120,55,0,0,0,0,,GdPrv,,0,12,2007,WD,Normal,200800.31917468802
1258,30,RL,56.0,4060,Pave,,Reg,Lvl,AllPub,Corner,Gtl,Edwards,Feedr,Norm,1Fam,1Story,5,8,1922,1950,Gable,CompShg,Wd Sdng,Wd Sdng,None,0.0,TA,TA,PConc,Fa,TA,No,Unf,0,Unf,0,864,864,GasA,Ex,Y,SBrkr,864,0,0,864,0,0,1,0,2,1,TA,4,Typ,0,,,,,0,0,,,Y,0,96,0,0,0,0,,,,0,7,2009,WD,Normal,96967.97810846884
1350,70,RM,50.0,5250,Pave,Pave,Reg,Lvl,AllPub,Inside,Gtl,OldTown,Norm,Norm,1Fam,2Story,8,5,1872,1987,Gable,CompShg,MetalSd,MetalSd,None,0.0,TA,Gd,BrkTil,TA,Fa,No,LwQ,259,Unf,0,425,684,OthW,Fa,N,SBrkr,938,1215,205,2358,0,0,2,0,4,1,TA,8,Typ,0,,,,,0,0,,,Y,0,54,20,0,0,0,,,,0,12,2008,WD,Normal,227832.74529033335
722,120,RM,,4426,Pave,,Reg,Lvl,AllPub,Inside,Gtl,CollgCr,Norm,Norm,TwnhsE,1Story,6,5,2004,2004,Gable,CompShg,VinylSd,VinylSd,BrkFace,169.0,Gd,TA,PConc,Gd,TA,Av,GLQ,662,Unf,0,186,848,GasA,Ex,Y,SBrkr,848,0,0,848,1,0,1,0,1,1,Gd,3,Typ,0,,Attchd,2004.0,RFn,2,420,TA,TA,Y,160,0,0,0,0,0,,,,0,5,2010,WD,Normal,143874.98029168847
442,90,RL,92.0,12108,Pave,,Reg,Lvl,AllPub,Inside,Gtl,Edwards,Norm,Norm,Duplex,1Story,4,4,1955,1955,Gable,CompShg,VinylSd,VinylSd,BrkFace,270.0,TA,TA,CBlock,TA,TA,No,ALQ,133,Unf,0,1307,1440,GasA,TA,N,FuseF,1440,0,0,1440,0,0,2,0,4,2,Fa,8,Typ,0,,,,,0,0,,,Y,0,0,0,0,0,0,,,,0,9,2008,WD,Normal,133609.0628202085
90,20,RL,60.0,8070,Pave,,Reg,Lvl,AllPub,Inside,Gtl,CollgCr,Norm,Norm,1Fam,1Story,4,5,1994,1995,Gable,CompShg,VinylSd,VinylSd,None,0.0,TA,TA,PConc,Gd,TA,No,GLQ,588,Unf,0,402,990,GasA,Ex,Y,SBrkr,990,0,0,990,1,0,1,0,3,1,TA,5,Typ,0,,,,,0,0,,,Y,0,0,0,0,0,0,,,,0,8,2007,WD,Normal,117058.51999225398
1007,20,RL,,12155,Pave,,IR3,Lvl,AllPub,Inside,Gtl,NAmes,PosN,Norm,1Fam,1Story,6,3,1970,1970,Gable,CompShg,Plywood,Plywood,None,0.0,TA,TA,CBlock,Gd,TA,No,LwQ,1237,Unf,0,420,1657,GasA,Gd,Y,SBrkr,1657,0,0,1657,0,1,2,0,3,1,TA,7,Typ,1,TA,Attchd,1970.0,Unf,2,484,TA,TA,Y,0,0,0,0,147,0,,,,0,3,2007,WD,Normal,175157.75116355214
1241,60,RL,65.0,8158,Pave,,Reg,Lvl,AllPub,Inside,Gtl,CollgCr,Norm,Norm,1Fam,2Story,7,5,2003,2003,Gable,CompShg,VinylSd,VinylSd,BrkFace,252.0,Gd,TA,PConc,Gd,TA,No,GLQ,550,Unf,0,334,884,GasA,Ex,Y,SBrkr,884,884,0,1768,1,0,2,1,3,1,Gd,8,Typ,0,,Attchd,2003.0,RFn,2,543,TA,TA,Y,0,63,0,0,0,0,,,,0,7,2008,WD,Normal,217845.24289101685
144,20,RL,78.0,10335,Pave,,IR1,Lvl,AllPub,Inside,Gtl,CollgCr,Norm,Norm,1Fam,1Story,7,5,1999,1999,Gable,CompShg,VinylSd,VinylSd,BrkFace,183.0,Gd,TA,PConc,Gd,TA,Gd,GLQ,679,Unf,0,811,1490,GasA,Ex,Y,SBrkr,1501,0,0,1501,1,0,2,0,3,1,Gd,6,Typ,0,,Attchd,1999.0,RFn,2,577,TA,TA,Y,144,29,0,0,0,0,,,,0,6,2009,WD,Normal,221010.06323347706
1317,20,RL,61.0,10226,Pave,,IR1,Lvl,AllPub,Inside,Gtl,CollgCr,Norm,Norm,1Fam,1Story,8,5,2008,2008,Gable,CompShg,VinylSd,VinylSd,Stone,270.0,Gd,TA,PConc,Ex,TA,Gd,Unf,0,Unf,0,1622,1622,GasA,Ex,Y,SBrkr,1630,0,0,1630,1,0,2,0,3,1,Ex,8,Typ,1,Gd,Attchd,2008.0,RFn,3,860,TA,TA,Y,172,42,0,0,0,0,,,,0,1,2009,WD,Normal,246251.0272718404
1080,20,RL,65.0,8775,Pave,,Reg,Lvl,AllPub,Inside,Gtl,CollgCr,Norm,Norm,1Fam,1Story,5,5,1994,1994,Gable,CompShg,VinylSd,VinylSd,None,0.0,TA,TA,PConc,Gd,TA,No,GLQ,495,Unf,0,495,990,GasA,Gd,Y,SBrkr,990,0,0,990,0,0,1,0,3,1,TA,5,Typ,0,,Attchd,1996.0,Unf,1,299,TA,TA,Y,0,64,0,0,0,0,,,,0,4,2007,WD,Normal,130999.71175844765
1160,60,RL,76.0,9120,Pave,,Reg,Lvl,AllPub,Inside,Gtl,NWAmes,Norm,Norm,1Fam,2Story,6,6,1974,1974,Hip,CompShg,HdBoard,HdBoard,BrkFace,270.0,Gd,TA,CBlock,TA,TA,No,ALQ,442,Unf,0,459,901,GasA,TA,Y,SBrkr,943,933,0,1876,0,0,2,1,4,1,Gd,8,Typ,1,TA,Attchd,1974.0,RFn,2,540,Gd,TA,Y,0,69,0,0,0,0,,,,0,7,2008,WD,Normal,175923.03337806367
482,20,RL,72.0,11846,Pave,,IR1,HLS,AllPub,Inside,Gtl,NridgHt,Norm,Norm,1Fam,1Story,9,5,2003,2004,Hip,CompShg,VinylSd,VinylSd,BrkFace,562.0,Gd,TA,PConc,Ex,TA,Gd,GLQ,1567,Unf,0,225,1792,GasA,Ex,Y,SBrkr,1792,0,0,1792,1,0,2,0,2,1,Ex,6,Typ,1,Gd,Attchd,2003.0,Fin,3,874,TA,TA,Y,206,49,0,0,0,0,,,,0,8,2006,WD,Normal,326275.8028565555
33,20,RL,85.0,11049,Pave,,Reg,Lvl,AllPub,Corner,Gtl,CollgCr,Norm,Norm,1Fam,1Story,8,5,2007,2007,Gable,CompShg,VinylSd,VinylSd,None,0.0,Gd,TA,PConc,Ex,TA,Av,Unf,0,Unf,0,1234,1234,GasA,Ex,Y,SBrkr,1234,0,0,1234,0,0,2,0,3,1,Gd,7,Typ,0,,Attchd,2007.0,RFn,2,484,TA,TA,Y,0,30,0,0,0,0,,,,0,1,2008,WD,Normal,196589.45665032158
1280,50,C (all),60.0,7500,Pave,,Reg,Lvl,AllPub,Inside,Gtl,IDOTRR,Norm,Norm,1Fam,1.5Fin,4,4,1920,1950,Gable,CompShg,MetalSd,MetalSd,None,0.0,TA,Gd,CBlock,TA,TA,No,Unf,0,Unf,0,698,698,GasA,TA,Y,FuseA,698,430,0,1128,0,0,1,0,2,1,TA,6,Typ,0,,Detchd,1980.0,RFn,2,528,TA,TA,Y,30,0,164,0,0,0,,,,0,4,2010,COD,Abnorml,106437.04524431507
541,20,RL,85.0,14601,Pave,,Reg,Lvl,AllPub,Inside,Gtl,Timber,Norm,Norm,1Fam,1Story,9,5,2006,2006,Hip,CompShg,VinylSd,VinylSd,BrkFace,584.0,Ex,TA,PConc,Ex,TA,Av,GLQ,1260,Unf,0,578,1838,GasA,Ex,Y,SBrkr,1838,0,0,1838,1,0,2,0,2,1,Ex,8,Typ,1,Gd,Attchd,2006.0,Fin,3,765,TA,TA,Y,270,68,0,0,0,0,,,,0,3,2009,WD,Normal,340975.2884300015
994,60,RL,68.0,8846,Pave,,Reg,Lvl,AllPub,Inside,Gtl,CollgCr,Norm,Norm,1Fam,2Story,6,5,2005,2006,Gable,CompShg,VinylSd,VinylSd,None,0.0,TA,TA,PConc,Gd,TA,No,Unf,0,Unf,0,750,750,GasA,Ex,Y,SBrkr,750,750,0,1500,0,0,2,1,3,1,Gd,6,Typ,0,,Attchd,2005.0,RFn,2,564,TA,TA,Y,0,35,0,0,0,0,,,,0,8,2006,New,Partial,175916.7881806207
1385,50,RL,60.0,9060,Pave,,Reg,Lvl,AllPub,Inside,Gtl,Edwards,Norm,Norm,1Fam,1.5Fin,6,5,1939,1950,Gable,CompShg,WdShing,Wd Shng,None,0.0,TA,TA,BrkTil,TA,TA,Mn,Rec,204,Unf,0,356,560,GasA,TA,Y,SBrkr,698,560,0,1258,0,0,1,0,2,1,TA,6,Typ,0,,Detchd,1939.0,Unf,1,280,TA,TA,P,0,0,0,0,0,0,,MnPrv,,0,10,2009,WD,Normal,114059.73335686806
792,80,RL,,11333,Pave,,IR1,Lvl,AllPub,Corner,Gtl,Mitchel,Norm,Norm,1Fam,SLvl,6,5,1976,1976,Gable,CompShg,HdBoard,HdBoard,None,0.0,TA,TA,PConc,Gd,TA,Av,ALQ,539,Unf,0,490,1029,GasA,TA,Y,SBrkr,1062,0,0,1062,1,0,1,0,3,1,TA,5,Typ,2,TA,Attchd,1976.0,RFn,2,539,TA,TA,Y,120,0,0,0,0,0,,,,0,5,2007,WD,Normal,146957.94609527302
1002,30,RL,60.0,5400,Pave,,Reg,Lvl,AllPub,Corner,Gtl,OldTown,Norm,Norm,1Fam,1Story,5,6,1920,1950,Gable,CompShg,Wd Sdng,Wd Sdng,None,0.0,TA,TA,BrkTil,Fa,TA,No,Unf,0,Unf,0,691,691,GasA,Ex,Y,FuseA,691,0,0,691,0,0,1,0,2,1,Ex,4,Typ,0,,Detchd,1920.0,Unf,1,216,Fa,TA,N,0,20,94,0,0,0,,,,0,1,2007,WD,Abnorml,93433.67609043117
420,20,RL,65.0,8450,Pave,,Reg,Lvl,AllPub,Inside,Gtl,NAmes,Norm,Norm,1Fam,1Story,5,6,1968,1968,Gable,CompShg,VinylSd,VinylSd,None,0.0,TA,TA,CBlock,TA,TA,No,BLQ,775,Unf,0,281,1056,GasA,Ex,Y,SBrkr,1056,0,0,1056,1,0,1,0,3,1,TA,6,Typ,1,Fa,Attchd,1968.0,Unf,1,304,TA,TA,Y,0,85,184,0,0,0,,,,0,7,2010,WD,Normal,134074.6853162973
354,30,RM,60.0,8520,Pave,,Reg,Lvl,AllPub,Inside,Gtl,OldTown,Norm,Norm,1Fam,1Story,6,8,1928,2003,Gable,CompShg,VinylSd,VinylSd,None,0.0,TA,Gd,BrkTil,TA,TA,No,Unf,0,Unf,0,624,624,GasA,Gd,Y,SBrkr,720,0,0,720,0,0,1,0,2,1,TA,5,Typ,0,,Detchd,2005.0,Unf,2,484,TA,TA,Y,106,0,0,0,0,0,,,,0,5,2010,WD,Normal,114986.34852085271
447,20,RL,137.0,16492,Pave,,IR1,Lvl,AllPub,Corner,Gtl,NAmes,PosA,Norm,1Fam,1Story,6,6,1966,2002,Gable,CompShg,BrkFace,Plywood,None,0.0,Gd,TA,CBlock,TA,TA,No,ALQ,247,Rec,713,557,1517,GasA,Ex,Y,SBrkr,1888,0,0,1888,0,0,2,1,2,1,Gd,6,Mod,1,Gd,Attchd,1966.0,Fin,2,578,TA,TA,Y,0,0,0,0,0,0,,,,0,6,2010,WD,Normal,190877.89554421138
883,60,RL,,9636,Pave,,IR1,Lvl,AllPub,Corner,Gtl,Gilbert,Norm,Norm,1Fam,2Story,6,5,1992,1993,Gable,CompShg,VinylSd,VinylSd,None,0.0,TA,TA,PConc,Gd,TA,No,Unf,0,Unf,0,808,808,GasA,Gd,Y,SBrkr,808,785,0,1593,0,0,2,1,3,1,TA,7,Typ,1,TA,BuiltIn,1993.0,RFn,2,389,TA,TA,Y,342,40,0,0,0,0,,MnPrv,,0,12,2009,WD,Normal,179971.44477131168
578,80,RL,96.0,11777,Pave,,IR1,Lvl,AllPub,Inside,Gtl,Sawyer,Norm,Norm,1Fam,SLvl,5,6,1966,1966,Gable,CompShg,VinylSd,VinylSd,BrkFace,97.0,TA,TA,CBlock,TA,TA,Av,LwQ,328,ALQ,551,285,1164,GasA,Ex,Y,SBrkr,1320,0,0,1320,1,0,1,0,3,1,TA,6,Typ,2,Fa,Attchd,1966.0,RFn,2,564,TA,TA,Y,160,68,240,0,0,0,,,,0,5,2006,WD,Abnorml,161068.60373395446
1251,20,RL,93.0,11160,Pave,,Reg,Lvl,AllPub,Corner,Gtl,NAmes,Norm,Norm,1Fam,1Story,7,5,1968,1968,Hip,CompShg,BrkFace,BrkFace,None,0.0,Gd,TA,CBlock,TA,TA,No,ALQ,1065,Unf,0,1045,2110,GasA,Ex,Y,SBrkr,2110,0,0,2110,1,0,2,1,3,1,Ex,8,Typ,2,TA,Attchd,1968.0,Fin,2,522,TA,TA,Y,0,0,0,0,0,0,,,,0,4,2010,WD,Normal,255303.27504412617
671,60,RL,64.0,8633,Pave,,Reg,Lvl,AllPub,FR2,Gtl,CollgCr,Norm,Norm,1Fam,2Story,6,5,2005,2005,Gable,CompShg,VinylSd,VinylSd,None,0.0,Gd,TA,PConc,Gd,TA,No,GLQ,193,Unf,0,545,738,GasA,Ex,Y,SBrkr,738,738,0,1476,1,0,2,1,3,1,Gd,7,Typ,0,,Attchd,2005.0,Fin,2,540,TA,TA,Y,100,35,0,0,0,0,,,,0,2,2009,WD,Normal,181062.44752011856
1017,20,RL,73.0,11883,Pave,,Reg,Lvl,AllPub,Inside,Gtl,CollgCr,Norm,Norm,1Fam,1Story,7,5,1996,1996,Hip,CompShg,VinylSd,VinylSd,BrkFace,196.0,Gd,TA,PConc,Gd,TA,Gd,GLQ,690,Unf,0,814,1504,GasA,Ex,Y,SBrkr,1504,0,0,1504,1,0,2,0,3,1,Gd,6,Typ,1,TA,Attchd,1996.0,Fin,2,478,TA,TA,Y,115,66,0,0,0,0,,,,0,6,2009,WD,Normal,225206.9382244847
780,90,RL,78.0,10530,Pave,,Reg,Lvl,AllPub,Inside,Gtl,Mitchel,Norm,Norm,Duplex,SFoyer,6,5,1977,1977,Gable,CompShg,Plywood,ImStucc,BrkFace,90.0,TA,TA,CBlock,Gd,TA,Gd,GLQ,975,Unf,0,0,975,GasA,TA,Y,SBrkr,1004,0,0,1004,1,0,1,0,2,1,TA,4,Typ,0,,Attchd,1977.0,Unf,2,504,TA,TA,Y,0,0,0,0,0,0,,,,0,5,2006,WD,Normal,145817.63015351119
1269,50,RL,,14100,Pave,,IR1,Lvl,AllPub,Inside,Mod,Crawfor,Norm,Norm,1Fam,1.5Fin,8,9,1935,1997,Gable,CompShg,Stucco,Stucco,BrkFace,632.0,TA,Gd,CBlock,TA,TA,Mn,Rec,192,Unf,0,536,728,GasA,Ex,Y,SBrkr,1968,1479,0,3447,0,0,3,1,4,1,Gd,11,Typ,2,Gd,BuiltIn,1982.0,Unf,3,1014,TA,TA,Y,314,12,0,0,0,0,,GdWo,,0,5,2008,WD,Normal,291249.53788708645
1145,190,RL,60.0,12180,Pave,,Reg,Lvl,AllPub,Inside,Gtl,Edwards,Norm,Norm,2fmCon,1.5Fin,4,4,1941,1950,Gable,CompShg,MetalSd,MetalSd,None,0.0,TA,Fa,BrkTil,Gd,TA,No,BLQ,348,Unf,0,324,672,Grav,Fa,N,FuseA,672,252,0,924,1,0,1,0,2,1,Fa,5,Typ,0,,Detchd,1941.0,Unf,1,280,TA,TA,Y,0,0,0,0,0,0,,MnPrv,,0,7,2010,WD,Normal,97112.29669914952
486,20,RL,80.0,9600,Pave,,Reg,Lvl,AllPub,Inside,Gtl,NAmes,Norm,Norm,1Fam,1Story,5,7,1950,2007,Gable,CompShg,MetalSd,MetalSd,None,0.0,Gd,TA,CBlock,TA,TA,No,ALQ,607,Unf,0,506,1113,GasA,Gd,Y,SBrkr,1113,0,0,1113,0,0,1,0,3,1,Gd,5,Typ,1,Gd,Attchd,1950.0,Unf,1,264,TA,TA,Y,0,80,120,0,0,0,,,,0,7,2009,WD,Normal,138112.32543258843
134,20,RL,,6853,Pave,,IR1,Lvl,AllPub,Inside,Gtl,Timber,Norm,Norm,1Fam,1Story,8,5,2001,2002,Gable,CompShg,VinylSd,VinylSd,BrkFace,136.0,Gd,TA,PConc,Ex,TA,No,GLQ,1005,Unf,0,262,1267,GasA,Ex,Y,SBrkr,1296,0,0,1296,1,0,2,0,2,1,Gd,6,Typ,0,,Attchd,2001.0,Fin,2,471,TA,TA,Y,192,25,0,0,0,0,,,,0,6,2009,WD,Normal,219366.43107073836
1282,20,RL,50.0,8049,Pave,,IR1,Lvl,AllPub,CulDSac,Gtl,Timber,Norm,Norm,1Fam,1Story,7,5,1990,1990,Hip,CompShg,HdBoard,HdBoard,BrkFace,54.0,TA,TA,CBlock,Gd,TA,No,ALQ,1053,Unf,0,256,1309,GasA,TA,Y,SBrkr,1339,0,0,1339,1,0,2,0,2,1,TA,6,Typ,1,TA,Attchd,1990.0,Fin,2,484,Gd,Gd,Y,0,58,0,0,90,0,,,,0,7,2006,WD,Normal,209113.05030158785
693,60,RL,42.0,26178,Pave,,IR1,Lvl,AllPub,Inside,Mod,Timber,Norm,Norm,1Fam,2Story,7,5,1989,1990,Hip,CompShg,MetalSd,MetalSd,BrkFace,293.0,Gd,TA,PConc,Gd,TA,Gd,GLQ,965,Unf,0,245,1210,GasA,Ex,Y,SBrkr,1238,1281,0,2519,1,0,2,1,4,1,Gd,9,Typ,2,Gd,Attchd,1989.0,RFn,2,628,TA,TA,Y,320,27,0,0,0,0,,,,0,4,2006,WD,Normal,266628.3582891451
1119,80,RL,85.0,13825,Pave,,Reg,Lvl,AllPub,Inside,Gtl,Sawyer,Norm,Norm,1Fam,SLvl,5,6,1958,1987,Gable,CompShg,MetalSd,MetalSd,None,0.0,TA,Gd,CBlock,TA,TA,No,Unf,0,Unf,0,533,533,GasA,TA,Y,SBrkr,1021,580,0,1601,0,1,1,0,3,1,TA,6,Min2,0,,BuiltIn,1958.0,RFn,1,300,TA,TA,Y,280,34,0,0,0,0,,,,0,12,2008,WD,Normal,131583.4062281914
408,70,RL,63.0,15576,Pave,,Reg,Lvl,AllPub,Inside,Gtl,Crawfor,Norm,Norm,1Fam,2Story,6,7,1915,1976,Gable,CompShg,Wd Sdng,Plywood,None,0.0,TA,TA,BrkTil,Gd,TA,No,Unf,0,Unf,0,840,840,GasA,Ex,Y,SBrkr,840,840,0,1680,0,0,2,0,4,1,TA,8,Typ,0,,Attchd,1960.0,Unf,1,308,TA,TA,Y,0,0,160,0,0,0,,,,0,3,2008,WD,Normal,138070.5528582918
1288,20,RL,,36500,Pave,,IR1,Low,AllPub,Inside,Mod,ClearCr,Norm,Norm,1Fam,1Story,5,5,1964,1964,Gable,CompShg,Wd Sdng,Wd Sdng,BrkCmn,621.0,TA,Gd,CBlock,TA,TA,Av,Rec,812,Unf,0,812,1624,GasA,Fa,Y,SBrkr,1582,0,0,1582,0,1,2,0,4,1,TA,7,Typ,0,,Attchd,1964.0,Unf,2,390,TA,TA,N,168,198,0,0,0,0,,,,0,6,2006,WD,Normal,175308.80683157718
159,60,FV,100.0,12552,Pave,,Reg,Lvl,AllPub,Corner,Gtl,Somerst,Norm,Norm,1Fam,2Story,7,5,2004,2005,Gable,CompShg,VinylSd,VinylSd,None,0.0,Gd,TA,PConc,Gd,TA,No,GLQ,222,Unf,0,769,991,GasA,Ex,Y,SBrkr,991,956,0,1947,0,0,2,1,3,1,Gd,8,Typ,1,Gd,Attchd,2004.0,RFn,2,678,TA,TA,Y,0,136,0,0,0,0,,GdWo,,0,5,2010,WD,Normal,245073.39246683402
577,50,RL,52.0,6292,Pave,,Reg,Lvl,AllPub,Inside,Gtl,SWISU,Norm,Norm,1Fam,1.5Fin,7,7,1928,1950,Gable,CompShg,Wd Sdng,Wd Sdng,None,0.0,TA,TA,BrkTil,TA,TA,No,Unf,0,Unf,0,861,861,GasA,Gd,Y,SBrkr,877,600,0,1477,0,1,2,0,3,1,TA,6,Typ,1,Gd,Detchd,1928.0,Unf,1,216,TA,TA,Y,0,50,0,0,0,0,,,,0,8,2009,WD,Normal,171945.6285888996
1014,30,RM,60.0,7200,Pave,,Reg,Lvl,AllPub,Inside,Gtl,OldTown,Norm,Norm,1Fam,1Story,5,4,1910,2006,Hip,CompShg,MetalSd,Stucco,None,0.0,TA,TA,BrkTil,TA,TA,No,ALQ,247,Rec,465,310,1022,GasW,TA,N,SBrkr,1022,0,0,1022,1,0,1,0,2,1,TA,4,Maj2,0,,Detchd,1956.0,Unf,1,280,TA,TA,Y,0,30,226,0,0,0,,,,0,6,2009,WD,Normal,114815.5030205703
226,160,RM,21.0,1680,Pave,,Reg,Lvl,AllPub,Inside,Gtl,BrDale,Norm,Norm,Twnhs,2Story,5,5,1971,1971,Gable,CompShg,HdBoard,HdBoard,BrkFace,142.0,TA,TA,CBlock,TA,TA,No,Unf,0,Unf,0,630,630,GasA,TA,Y,SBrkr,630,672,0,1302,0,0,2,1,3,1,TA,6,Typ,0,,Detchd,1991.0,Unf,1,280,TA,TA,Y,0,0,0,0,0,0,,,,0,5,2009,COD,Abnorml,112762.60151080042
140,60,RL,65.0,15426,Pave,,IR1,Lvl,AllPub,Inside,Gtl,CollgCr,Norm,Norm,1Fam,2Story,6,5,1997,1997,Gable,CompShg,VinylSd,VinylSd,None,0.0,TA,TA,PConc,Gd,TA,No,GLQ,821,Unf,0,107,928,GasA,Ex,Y,SBrkr,928,836,0,1764,1,0,2,1,3,1,Gd,7,Typ,0,,Attchd,1997.0,RFn,2,470,TA,TA,Y,276,99,0,0,0,0,,MnPrv,,0,8,2009,WD,Normal,201887.65864070057
109,50,RM,85.0,8500,Pave,,Reg,Lvl,AllPub,Corner,Gtl,IDOTRR,Artery,Norm,1Fam,1.5Fin,5,7,1919,2005,Gable,CompShg,CemntBd,CmentBd,None,0.0,TA,TA,CBlock,TA,TA,No,Unf,0,Unf,0,793,793,GasW,TA,N,FuseF,997,520,0,1517,0,0,2,0,3,1,Fa,7,Typ,0,,,,,0,0,,,N,0,0,144,0,0,0,,,,0,8,2007,WD,Normal,124152.82224367566
988,20,RL,83.0,10159,Pave,,IR1,Lvl,AllPub,Inside,Gtl,NridgHt,Norm,Norm,1Fam,1Story,9,5,2009,2010,Hip,CompShg,VinylSd,VinylSd,Stone,450.0,Ex,TA,PConc,Ex,TA,Av,GLQ,1646,Unf,0,284,1930,GasA,Ex,Y,SBrkr,1940,0,0,1940,1,0,2,1,3,1,Ex,8,Typ,1,Gd,Attchd,2010.0,Fin,3,606,TA,TA,Y,168,95,0,0,0,0,,,,0,4,2010,New,Partial,311994.90679784206
633,20,RL,85.0,11900,Pave,,Reg,Lvl,AllPub,Inside,Gtl,NWAmes,Norm,Norm,1Fam,1Story,7,5,1977,1977,Hip,CompShg,Plywood,Plywood,BrkFace,209.0,TA,Gd,CBlock,TA,TA,No,ALQ,822,Unf,0,564,1386,GasA,TA,Y,SBrkr,1411,0,0,1411,0,0,2,0,3,1,TA,6,Typ,1,TA,Attchd,1977.0,Fin,2,544,TA,TA,Y,192,0,0,0,0,0,,,,0,4,2009,WD,Family,199582.58024733287
1221,20,RL,66.0,7800,Pave,,IR1,Lvl,AllPub,Inside,Gtl,NAmes,Norm,Norm,1Fam,1Story,5,5,1964,1964,Gable,CompShg,Wd Sdng,Wd Sdng,None,0.0,TA,TA,CBlock,TA,TA,No,Rec,312,LwQ,600,0,912,GasA,TA,Y,SBrkr,912,0,0,912,0,0,1,0,2,1,TA,5,Typ,0,,Attchd,1964.0,Unf,1,288,TA,TA,Y,0,0,0,0,0,0,,,,0,11,2006,WD,Abnorml,117312.49239525062
1431,60,RL,60.0,21930,Pave,,IR3,Lvl,AllPub,Inside,Gtl,Gilbert,RRAn,Norm,1Fam,2Story,5,5,2005,2005,Gable,CompShg,VinylSd,VinylSd,None,0.0,Gd,TA,PConc,Gd,Gd,Av,Unf,0,Unf,0,732,732,GasA,Ex,Y,SBrkr,734,1104,0,1838,0,0,2,1,4,1,TA,7,Typ,1,Gd,BuiltIn,2005.0,Fin,2,372,TA,TA,Y,100,40,0,0,0,0,,,,0,7,2006,WD,Normal,179605.18560302764
365,60,RL,,18800,Pave,,IR1,Lvl,AllPub,FR2,Gtl,NWAmes,Norm,Norm,1Fam,2Story,6,5,1976,1976,Gable,CompShg,HdBoard,HdBoard,BrkFace,120.0,TA,TA,PConc,Gd,TA,Mn,GLQ,712,Unf,0,84,796,GasA,TA,Y,SBrkr,790,784,0,1574,1,0,2,1,3,1,TA,6,Typ,1,TA,Attchd,1976.0,Fin,2,566,TA,TA,Y,306,111,0,0,0,0,,,,0,7,2006,WD,Normal,189964.95167336706
495,30,RM,50.0,5784,Pave,,Reg,Lvl,AllPub,Inside,Gtl,OldTown,Artery,Norm,1Fam,1Story,5,8,1938,1996,Gable,CompShg,MetalSd,MetalSd,None,0.0,TA,TA,BrkTil,Fa,TA,No,Unf,0,Unf,0,190,190,GasA,Gd,Y,FuseA,886,0,0,886,0,0,1,0,2,1,TA,4,Typ,0,,Attchd,1938.0,Unf,1,273,TA,TA,Y,144,20,80,0,0,0,,,,0,12,2009,WD,Normal,102947.76853634286
165,40,RM,40.0,5400,Pave,Pave,Reg,Lvl,AllPub,Corner,Gtl,OldTown,Norm,Norm,1Fam,1Story,6,7,1926,2004,Gable,CompShg,MetalSd,MetalSd,None,0.0,TA,Gd,BrkTil,TA,TA,Mn,LwQ,370,Unf,0,779,1149,GasA,Gd,Y,FuseA,1149,467,0,1616,0,0,2,0,3,1,Gd,5,Typ,0,,Detchd,1926.0,Unf,1,216,TA,TA,Y,0,0,183,0,0,0,,,,0,10,2007,WD,Normal,137561.80484483266
816,20,RL,48.0,12137,Pave,,IR2,Lvl,AllPub,CulDSac,Gtl,CollgCr,Norm,Norm,1Fam,1Story,7,5,1998,1998,Gable,CompShg,VinylSd,VinylSd,BrkFace,442.0,TA,TA,PConc,Gd,TA,No,Unf,0,Unf,0,1649,1649,GasA,Ex,Y,SBrkr,1661,0,0,1661,0,0,2,0,3,1,Gd,6,Typ,0,,Attchd,1998.0,RFn,2,598,TA,TA,Y,0,34,0,0,0,0,,,,0,5,2010,WD,Normal,225763.17299450995
181,160,FV,,2117,Pave,,Reg,Lvl,AllPub,Inside,Gtl,Somerst,Norm,Norm,Twnhs,2Story,6,5,2000,2000,Gable,CompShg,MetalSd,MetalSd,BrkFace,456.0,Gd,TA,PConc,Gd,TA,No,GLQ,436,Unf,0,320,756,GasA,Ex,Y,SBrkr,769,756,0,1525,0,0,2,1,3,1,Gd,5,Typ,1,TA,Detchd,2000.0,Unf,2,440,TA,TA,Y,0,0,0,0,0,0,,,,0,6,2007,WD,Normal,170136.00077452336
107,30,RM,60.0,10800,Pave,Grvl,Reg,Lvl,AllPub,Inside,Gtl,OldTown,Norm,Norm,1Fam,1Story,4,7,1885,1995,Mansard,CompShg,VinylSd,VinylSd,None,0.0,TA,TA,BrkTil,Fa,TA,No,Unf,0,Unf,0,641,641,GasA,Gd,Y,SBrkr,1047,0,0,1047,0,0,1,0,2,1,TA,6,Typ,0,,Detchd,1954.0,Unf,1,273,Fa,Fa,N,0,0,0,0,0,0,,,Shed,450,8,2007,WD,Normal,106226.9252345545
125,20,RL,48.0,17043,Pave,,IR1,Lvl,AllPub,CulDSac,Gtl,NWAmes,Norm,Norm,1Fam,1Story,6,5,1979,1998,Gable,CompShg,HdBoard,HdBoard,None,0.0,TA,Gd,CBlock,Gd,Fa,No,Unf,0,Unf,0,1362,1362,GasA,TA,Y,SBrkr,1586,0,0,1586,0,0,2,0,3,1,TA,7,Typ,1,TA,Attchd,1979.0,Unf,2,435,TA,TA,Y,192,0,0,0,0,0,,,,0,1,2009,WD,Normal,174984.88100771382
1218,20,FV,72.0,8640,Pave,,Reg,Lvl,AllPub,Inside,Gtl,Somerst,Norm,Norm,1Fam,1Story,8,5,2009,2009,Gable,CompShg,CemntBd,CmentBd,Stone,72.0,Gd,TA,PConc,Gd,TA,Mn,GLQ,936,Unf,0,364,1300,GasA,Ex,Y,SBrkr,1314,0,0,1314,1,0,2,0,3,1,Gd,6,Typ,0,,Attchd,2009.0,RFn,2,552,TA,TA,Y,135,112,0,0,0,0,,,,0,9,2009,New,Partial,241346.49831397628
938,60,RL,75.0,9675,Pave,,Reg,Lvl,AllPub,Inside,Gtl,Somerst,Norm,Norm,1Fam,2Story,7,5,2005,2005,Gable,CompShg,VinylSd,VinylSd,None,0.0,Gd,TA,PConc,Gd,TA,Mn,GLQ,341,Unf,0,772,1113,GasA,Ex,Y,SBrkr,1113,858,0,1971,0,0,2,1,3,1,Gd,8,Typ,1,Gd,Attchd,2005.0,RFn,2,689,TA,TA,Y,0,48,0,0,0,0,,,,0,2,2009,WD,Normal,241944.56894260526
372,50,RL,80.0,17120,Pave,,Reg,Lvl,AllPub,Inside,Gtl,ClearCr,Feedr,Norm,1Fam,1.5Fin,4,4,1959,1959,Gable,CompShg,WdShing,Plywood,None,0.0,TA,TA,CBlock,,,,,0,,0,0,0,GasA,TA,Y,SBrkr,1120,468,0,1588,0,0,2,0,4,1,TA,7,Min2,1,Gd,Detchd,1991.0,Fin,2,680,TA,TA,N,0,59,0,0,0,0,,,,0,7,2008,WD,Normal,153535.98636654636
45,20,RL,70.0,7945,Pave,,Reg,Lvl,AllPub,Inside,Gtl,NAmes,Norm,Norm,1Fam,1Story,5,6,1959,1959,Gable,CompShg,BrkFace,Wd Sdng,None,0.0,TA,TA,CBlock,TA,TA,No,ALQ,179,BLQ,506,465,1150,GasA,Ex,Y,FuseA,1150,0,0,1150,1,0,1,0,3,1,TA,6,Typ,0,,Attchd,1959.0,RFn,1,300,TA,TA,Y,0,0,0,0,0,0,,,,0,5,2006,WD,Normal,135208.74349691067
995,20,RL,96.0,12456,Pave,,Reg,Lvl,AllPub,FR2,Gtl,NridgHt,Norm,Norm,1Fam,1Story,10,5,2006,2007,Hip,CompShg,CemntBd,CmentBd,Stone,230.0,Ex,TA,PConc,Ex,TA,Gd,GLQ,1172,Unf,0,528,1700,GasA,Ex,Y,SBrkr,1718,0,0,1718,1,0,2,0,3,1,Ex,7,Typ,1,Gd,Attchd,2008.0,Fin,3,786,TA,TA,Y,216,48,0,0,0,0,,,,0,7,2009,WD,Normal,320812.63213483477
314,20,RL,150.0,215245,Pave,,IR3,Low,AllPub,Inside,Sev,Timber,Norm,Norm,1Fam,1Story,7,5,1965,1965,Hip,CompShg,BrkFace,BrkFace,None,0.0,TA,TA,CBlock,Gd,TA,Gd,ALQ,1236,Rec,820,80,2136,GasW,TA,Y,SBrkr,2036,0,0,2036,2,0,2,0,3,1,TA,8,Typ,2,Gd,Attchd,1965.0,RFn,2,513,TA,TA,Y,0,0,0,0,0,0,,,,0,6,2009,WD,Normal,272753.11707605096
948,20,RL,85.0,14536,Pave,,Reg,Lvl,AllPub,Inside,Gtl,Timber,Norm,Norm,1Fam,1Story,8,5,2002,2003,Hip,CompShg,VinylSd,VinylSd,BrkFace,236.0,Gd,TA,PConc,Gd,TA,Av,GLQ,1300,Unf,0,316,1616,GasA,Ex,Y,SBrkr,1629,0,0,1629,1,0,2,0,3,1,Gd,9,Typ,1,Gd,Attchd,2002.0,Fin,3,808,TA,TA,Y,0,252,0,0,0,0,,,,0,11,2007,WD,Normal,281143.69025189953
217,20,RL,65.0,8450,Pave,,Reg,Lvl,AllPub,Inside,Gtl,CollgCr,Norm,Norm,1Fam,1Story,7,5,2004,2004,Gable,CompShg,VinylSd,VinylSd,BrkFace,266.0,Gd,TA,PConc,Gd,TA,Mn,GLQ,946,Unf,0,490,1436,GasA,Ex,Y,SBrkr,1436,0,0,1436,1,0,2,0,3,1,Gd,8,Typ,0,,Attchd,2004.0,Unf,2,484,TA,TA,Y,139,98,0,0,0,0,,,,0,4,2008,WD,Normal,221976.5320660636
781,20,RL,63.0,7875,Pave,,Reg,Lvl,AllPub,Inside,Gtl,Gilbert,Norm,Norm,1Fam,1Story,7,5,1995,1996,Gable,CompShg,HdBoard,HdBoard,BrkFace,38.0,TA,TA,PConc,Gd,Gd,No,Unf,0,Unf,0,1237,1237,GasA,Gd,Y,SBrkr,1253,0,0,1253,0,0,2,0,3,1,TA,6,Typ,1,TA,Attchd,1995.0,Fin,2,402,TA,TA,Y,220,21,0,0,0,0,,,,0,6,2007,WD,Normal,187284.431667535
1293,70,RM,60.0,6600,Pave,,Reg,Lvl,AllPub,Corner,Gtl,OldTown,Norm,Norm,1Fam,2Story,5,4,1892,1965,Gable,CompShg,Wd Sdng,Wd Sdng,None,0.0,TA,TA,Stone,TA,TA,No,Unf,0,Unf,0,994,994,GasA,TA,N,SBrkr,1378,994,0,2372,0,0,2,0,4,2,TA,11,Min2,0,,Attchd,1985.0,RFn,1,432,TA,TA,Y,0,287,0,0,0,0,,,,0,12,2009,WD,Normal,129685.8746281038
1005,120,RL,43.0,3182,Pave,,Reg,Lvl,AllPub,Inside,Gtl,Blmngtn,Norm,Norm,TwnhsE,1Story,7,5,2005,2006,Gable,CompShg,VinylSd,VinylSd,BrkFace,16.0,Gd,TA,PConc,Gd,TA,No,GLQ,16,Unf,0,1330,1346,GasA,Ex,Y,SBrkr,1504,0,0,1504,0,0,2,0,1,1,Gd,7,Typ,1,Gd,Attchd,2005.0,Fin,2,457,TA,TA,Y,156,0,0,0,0,0,,,,0,5,2009,WD,Normal,201853.76770416554
528,60,RL,67.0,14948,Pave,,IR1,Lvl,AllPub,Inside,Gtl,NridgHt,Norm,Norm,1Fam,2Story,9,5,2008,2008,Hip,CompShg,VinylSd,VinylSd,Stone,268.0,Ex,TA,PConc,Ex,TA,Av,GLQ,1330,Unf,0,122,1452,GasA,Ex,Y,SBrkr,1476,1237,0,2713,1,0,2,1,3,1,Ex,11,Typ,1,Gd,Attchd,2008.0,Fin,3,858,TA,TA,Y,126,66,0,0,0,0,,,,0,11,2008,New,Partial,346646.17539967026
44,20,RL,,9200,Pave,,IR1,Lvl,AllPub,CulDSac,Gtl,CollgCr,Norm,Norm,1Fam,1Story,5,6,1975,1980,Hip,CompShg,VinylSd,VinylSd,None,0.0,TA,TA,CBlock,Gd,TA,Av,LwQ,280,BLQ,491,167,938,GasA,TA,Y,SBrkr,938,0,0,938,1,0,1,0,3,1,TA,5,Typ,0,,Detchd,1977.0,Unf,1,308,TA,TA,Y,145,0,0,0,0,0,,MnPrv,,0,7,2008,WD,Normal,126036.9385545137
645,20,FV,85.0,9187,Pave,,Reg,Lvl,AllPub,Inside,Gtl,Somerst,Norm,Norm,1Fam,1Story,9,5,2009,2009,Gable,CompShg,CemntBd,CmentBd,Stone,162.0,Ex,TA,PConc,Ex,TA,Mn,GLQ,1121,Unf,0,645,1766,GasA,Ex,Y,SBrkr,1766,0,0,1766,1,0,2,1,2,1,Ex,7,Typ,1,Gd,Attchd,2009.0,Fin,3,478,TA,TA,Y,195,130,0,0,0,0,,,,0,10,2009,New,Partial,300784.10990791046
340,20,RL,66.0,12400,Pave,,IR1,Lvl,AllPub,Inside,Gtl,NAmes,Feedr,Norm,1Fam,1Story,6,7,1958,1998,Hip,CompShg,Wd Sdng,Wd Sdng,BrkFace,176.0,TA,TA,CBlock,TA,Fa,No,Rec,585,Unf,0,630,1215,GasA,TA,Y,FuseA,1215,0,0,1215,0,0,1,0,3,1,TA,6,Typ,0,,Attchd,1958.0,Unf,1,297,TA,TA,Y,0,0,0,0,234,0,,,,0,6,2009,WD,Normal,145489.94566548977
1116,20,RL,93.0,12085,Pave,,Reg,Lvl,AllPub,Inside,Gtl,NridgHt,Norm,Norm,1Fam,1Story,8,5,2007,2007,Hip,CompShg,VinylSd,VinylSd,Stone,328.0,Gd,TA,PConc,Ex,TA,No,GLQ,1004,Unf,0,730,1734,GasA,Ex,Y,SBrkr,1734,0,0,1734,1,0,2,0,3,1,Ex,7,Typ,1,Gd,Attchd,2007.0,RFn,3,928,TA,TA,Y,0,0,0,0,0,0,,,,0,11,2007,New,Partial,279098.78990574536
358,120,RM,44.0,4224,Pave,,Reg,Lvl,AllPub,Inside,Gtl,MeadowV,Norm,Norm,TwnhsE,1Story,5,5,1976,1976,Gable,CompShg,CemntBd,CmentBd,None,0.0,TA,TA,PConc,Gd,TA,No,ALQ,874,Unf,0,268,1142,GasA,TA,Y,SBrkr,1142,0,0,1142,1,0,1,1,3,1,TA,6,Typ,1,Po,Attchd,1976.0,Fin,2,528,TA,TA,Y,536,90,0,0,0,0,,MnPrv,,0,8,2007,WD,Normal,147624.53260664115
72,20,RL,69.0,7599,Pave,,Reg,Lvl,AllPub,Corner,Gtl,Mitchel,Norm,Norm,1Fam,1Story,4,6,1982,2006,Gable,CompShg,HdBoard,Plywood,None,0.0,TA,TA,CBlock,TA,TA,No,ALQ,565,Unf,0,280,845,GasA,TA,Y,SBrkr,845,0,0,845,1,0,1,0,2,1,TA,4,Typ,0,,Detchd,1987.0,Unf,2,360,TA,TA,Y,0,0,0,0,0,0,,,,0,6,2007,WD,Normal,122220.7541653004
56,20,RL,100.0,10175,Pave,,IR1,Lvl,AllPub,Inside,Gtl,NAmes,Norm,Norm,1Fam,1Story,6,5,1964,1964,Gable,CompShg,HdBoard,Plywood,BrkFace,272.0,TA,TA,CBlock,TA,TA,No,BLQ,490,Unf,0,935,1425,GasA,Gd,Y,SBrkr,1425,0,0,1425,0,0,2,0,3,1,TA,7,Typ,1,Gd,Attchd,1964.0,RFn,2,576,TA,TA,Y,0,0,0,407,0,0,,,,0,7,2008,WD,Normal,162887.00524799427
83,20,RL,78.0,10206,Pave,,Reg,Lvl,AllPub,Inside,Gtl,Somerst,Norm,Norm,1Fam,1Story,8,5,2007,2007,Gable,CompShg,VinylSd,VinylSd,Stone,468.0,TA,TA,PConc,Gd,TA,No,GLQ,33,Unf,0,1530,1563,GasA,Ex,Y,SBrkr,1563,0,0,1563,0,0,2,0,3,1,Gd,6,Typ,1,Gd,Attchd,2007.0,RFn,3,758,TA,TA,Y,144,99,0,0,0,0,,,,0,10,2008,WD,Normal,240939.57504613677
1048,20,RL,57.0,9245,Pave,,IR2,Lvl,AllPub,Inside,Gtl,CollgCr,Norm,Norm,1Fam,1Story,5,5,1994,1995,Gable,CompShg,VinylSd,VinylSd,None,0.0,TA,TA,PConc,Gd,TA,No,GLQ,686,Unf,0,304,990,GasA,Ex,Y,SBrkr,990,0,0,990,0,1,1,0,3,1,TA,5,Typ,0,,Detchd,1996.0,Unf,2,672,TA,TA,Y,0,0,0,0,0,0,,,,0,2,2008,WD,Normal,136185.28809970015
17,20,RL,,11241,Pave,,IR1,Lvl,AllPub,CulDSac,Gtl,NAmes,Norm,Norm,1Fam,1Story,6,7,1970,1970,Gable,CompShg,Wd Sdng,Wd Sdng,BrkFace,180.0,TA,TA,CBlock,TA,TA,No,ALQ,578,Unf,0,426,1004,GasA,Ex,Y,SBrkr,1004,0,0,1004,1,0,1,0,2,1,TA,5,Typ,1,TA,Attchd,1970.0,Fin,2,480,TA,TA,Y,0,0,0,0,0,0,,,Shed,700,3,2010,WD,Normal,145384.63308894145
523,50,RM,50.0,5000,Pave,,Reg,Lvl,AllPub,Corner,Gtl,BrkSide,Feedr,Norm,1Fam,1.5Fin,6,7,1947,1950,Gable,CompShg,CemntBd,CmentBd,None,0.0,TA,Gd,CBlock,TA,TA,No,ALQ,399,Unf,0,605,1004,GasA,Ex,Y,SBrkr,1004,660,0,1664,0,0,2,0,3,1,TA,7,Typ,2,Gd,Detchd,1950.0,Unf,2,420,TA,TA,Y,0,24,36,0,0,0,,,,0,10,2006,WD,Normal,161429.38701746656
1379,160,RM,21.0,1953,Pave,,Reg,Lvl,AllPub,Inside,Gtl,BrDale,Norm,Norm,Twnhs,2Story,6,5,1973,1973,Gable,CompShg,HdBoard,HdBoard,BrkFace,408.0,TA,TA,CBlock,TA,Fa,No,BLQ,309,Unf,0,174,483,GasA,TA,Y,SBrkr,483,504,0,987,0,0,1,1,2,1,TA,5,Typ,0,,Detchd,1973.0,Unf,1,264,TA,TA,Y,72,0,0,0,0,0,,,,0,6,2006,WD,Normal,96802.82209337661
